City_ID,City,Country,Date,Lat,Lng,Max Temp,Humidity,Cloudiness,Wind Speed
0,Mahebourg,MU,2022-11-08 14:28:27,-20.4081,57.7,76.24,73,40,9.22
1,Ushuaia,AR,2022-11-08 14:28:27,-54.8,-68.3,53.26,54,75,20.71
2,Butaritari,KI,2022-11-08 14:28:27,3.0707,172.7902,80.33,74,99,9.48
3,Victoria,HK,2022-11-08 14:28:27,22.2855,114.1577,74.32,87,94,4.0
4,Rikitea,PF,2022-11-08 14:28:28,-23.1203,-134.9692,74.73,90,96,15.7
5,Cape Town,ZA,2022-11-08 14:28:28,-33.9258,18.4232,73.27,53,40,11.5
6,Hermanus,ZA,2022-11-08 14:28:28,-34.4187,19.2345,65.8,73,60,13.98
7,Tasiilaq,GL,2022-11-08 14:28:28,65.6145,-37.6368,30.36,89,100,5.91
8,Vaini,TO,2022-11-08 14:28:29,-21.2,-175.2,73.56,88,20,8.05
9,Yunhe,CN,2022-11-08 14:28:29,34.0833,119.7167,56.21,88,13,6.76
10,Basco,PH,2022-11-08 14:28:29,20.4487,121.9702,79.97,80,9,17.31
11,Hilo,US,2022-11-08 14:28:30,19.7297,-155.09,72.63,92,100,5.99
12,Barrow,US,2022-11-08 14:28:30,71.2906,-156.7887,26.62,93,100,21.85
13,Roebourne,AU,2022-11-08 14:28:30,-20.7833,117.1333,73.26,59,0,18.01
14,Suvorovo,BG,2022-11-08 14:28:30,43.3333,27.6,59.7,49,86,1.97
15,Guozhen,CN,2022-11-08 14:28:31,34.3659,107.359,52.39,91,64,1.03
16,Diamantino,BR,2022-11-08 14:28:31,-14.4086,-56.4461,94.01,25,0,0.54
17,Kapaa,US,2022-11-08 14:28:31,22.0752,-159.319,77.32,83,75,16.11
18,Avarua,CK,2022-11-08 14:28:32,-21.2078,-159.775,69.85,73,10,5.75
19,Constitucion,CL,2022-11-08 14:28:32,-35.3333,-72.4167,57.9,77,100,6.26
20,Hudson Bay,CA,2022-11-08 14:28:32,52.85,-102.3842,22.87,97,100,5.66
21,Prainha,BR,2022-11-08 14:28:32,-1.8,-53.48,80.47,76,89,2.62
22,Chokurdakh,RU,2022-11-08 14:28:33,70.6333,147.9167,-10.34,100,94,9.06
23,Shingu,JP,2022-11-08 14:28:33,33.7333,135.9833,54.03,76,0,7.09
24,Loreto,MX,2022-11-08 14:28:33,22.2667,-101.9667,54.75,85,7,3.8
25,Puerto Ayora,EC,2022-11-08 14:28:33,-0.7393,-90.3518,71.56,84,42,4.0
26,Preobrazheniye,RU,2022-11-08 14:28:34,42.9019,133.9064,39.92,59,3,7.7
27,Santa Maria,BR,2022-11-08 14:28:34,-29.6842,-53.8069,69.1,56,75,13.8
28,Kaitangata,NZ,2022-11-08 14:28:35,-46.2817,169.8464,47.95,95,61,4.09
29,Lavrentiya,RU,2022-11-08 14:28:36,65.5833,-171.0,30.67,98,100,19.22
30,Quatre Cocos,MU,2022-11-08 14:28:36,-20.2078,57.7625,76.08,71,77,13.4
31,Albany,US,2022-11-08 14:24:15,42.6001,-73.9662,46.35,55,9,4.0
32,Khatanga,RU,2022-11-08 14:24:16,71.9667,102.5,-6.3,95,100,8.95
33,Saint-Pierre,RE,2022-11-08 14:28:37,-21.3393,55.4781,76.68,73,0,25.32
34,Gohad,IN,2022-11-08 14:28:38,26.4261,78.4447,78.42,44,0,5.14
35,Punta Arenas,CL,2022-11-08 14:28:38,-53.15,-70.9167,50.11,62,75,26.46
36,Tuktoyaktuk,CA,2022-11-08 14:28:38,69.4541,-133.0374,12.2,73,100,17.27
37,Nuuk,GL,2022-11-08 14:28:38,64.1835,-51.7216,18.21,67,0,21.85
38,Chuy,UY,2022-11-08 14:28:39,-33.6971,-53.4616,67.78,58,0,11.95
39,Mataura,NZ,2022-11-08 14:28:39,-46.1927,168.8643,46.76,99,76,1.1
40,Flin Flon,CA,2022-11-08 14:28:39,54.7682,-101.865,8.44,78,100,9.22
41,Goure,NE,2022-11-08 14:28:40,13.9835,10.2704,93.92,12,11,8.66
42,Kuah,MY,2022-11-08 14:28:40,6.3265,99.8432,82.38,83,20,2.3
43,Iqaluit,CA,2022-11-08 14:28:40,63.7506,-68.5145,13.73,72,75,4.61
44,Yellowknife,CA,2022-11-08 14:27:59,62.456,-114.3525,-1.44,84,40,2.3
45,Hualmay,PE,2022-11-08 14:28:41,-11.0964,-77.6139,65.28,81,39,5.82
46,Middlebury,US,2022-11-08 14:28:41,44.0153,-73.1673,43.29,53,40,14.97
47,Nador,MA,2022-11-08 14:28:41,35.174,-2.9287,73.65,64,20,3.44
48,Nanortalik,GL,2022-11-08 14:28:42,60.1432,-45.2371,31.51,77,99,7.65
49,Monoharpur,IN,2022-11-08 14:29:42,22.1083,88.0789,76.98,52,35,6.13
50,Mount Isa,AU,2022-11-08 14:29:42,-20.7333,139.5,76.77,36,100,0.0
51,Port Alfred,ZA,2022-11-08 14:29:42,-33.5906,26.891,70.18,79,95,1.99
52,Norman Wells,CA,2022-11-08 14:29:43,65.282,-126.8329,6.84,72,75,6.91
53,Torbay,CA,2022-11-08 14:29:43,47.6666,-52.7314,49.75,62,75,29.93
54,Ballina,AU,2022-11-08 14:29:43,-28.8667,153.5667,56.01,99,28,5.59
55,Pasni,PK,2022-11-08 14:29:44,25.2631,63.471,79.52,69,1,7.14
56,Cidreira,BR,2022-11-08 14:29:44,-30.1811,-50.2056,64.09,82,100,12.1
57,Jamestown,US,2022-11-08 14:27:46,42.097,-79.2353,45.99,84,20,9.22
58,Arraial Do Cabo,BR,2022-11-08 14:29:44,-22.9661,-42.0278,71.56,78,75,6.91
59,Marzuq,YE,2022-11-08 14:29:45,14.4,46.4667,77.77,41,1,11.83
60,Bilma,NE,2022-11-08 14:29:45,18.6853,12.9164,87.21,12,10,5.68
61,Elko,US,2022-11-08 14:29:45,41.0002,-115.5012,28.42,94,100,2.42
62,Hobart,AU,2022-11-08 14:29:34,-42.8794,147.3294,61.05,76,100,5.75
63,Itoman,JP,2022-11-08 14:29:46,26.1247,127.6694,75.22,72,20,10.36
64,Uni,RU,2022-11-08 14:29:46,57.7535,51.4923,31.75,96,100,10.18
65,Vanimo,PG,2022-11-08 14:29:47,-2.6741,141.3028,78.8,87,99,3.76
66,Lillooet,CA,2022-11-08 14:29:47,50.6856,-121.942,5.07,96,100,3.02
67,Atuona,PF,2022-11-08 14:29:47,-9.8,-139.0333,76.15,76,96,14.56
68,Saskylakh,RU,2022-11-08 14:29:47,71.9167,114.0833,-8.52,99,97,4.18
69,Hirara,JP,2022-11-08 14:29:48,24.8,125.2833,77.54,80,13,19.46
70,Chalchihuites,MX,2022-11-08 14:29:48,23.4833,-103.8833,54.91,59,0,6.38
71,Kavieng,PG,2022-11-08 14:29:49,-2.5744,150.7967,83.39,72,100,5.26
72,Caravelas,BR,2022-11-08 14:29:49,-17.7125,-39.2481,77.07,59,100,6.38
73,Japura,ID,2022-11-08 14:29:50,-0.3167,102.35,74.77,98,100,2.84
74,Lata,PT,2022-11-08 14:29:50,40.1629,-8.3327,63.07,91,100,8.32
75,Bluff,NZ,2022-11-08 14:29:50,-46.6,168.3333,54.39,88,37,17.76
76,Kiama,AU,2022-11-08 14:29:51,-34.6833,150.8667,64.0,88,4,6.69
77,Provideniya,RU,2022-11-08 14:29:51,64.3833,-173.3,29.91,95,100,18.07
78,Usak,TR,2022-11-08 14:29:51,38.5,29.4167,57.18,32,100,9.28
79,Hami,CN,2022-11-08 14:29:52,42.8,93.45,48.56,28,7,7.16
80,Sitka,US,2022-11-08 14:29:52,57.0531,-135.33,29.52,42,100,1.28
81,Tucuman,AR,2022-11-08 14:29:52,-26.8241,-65.2226,80.6,32,17,6.91
82,Eyl,SO,2022-11-08 14:29:53,7.9803,49.8164,80.19,68,0,12.26
83,Nyurba,RU,2022-11-08 14:29:53,63.2842,118.3319,1.65,98,99,2.66
84,Jinchang,CN,2022-11-08 14:29:53,38.4953,102.1739,43.88,33,84,4.32
85,Ust-Kuyga,RU,2022-11-08 14:29:54,70.0167,135.6,-0.87,99,100,5.37
86,Martapura,ID,2022-11-08 14:29:54,-3.4167,114.85,75.56,93,100,2.08
87,Hithadhoo,MV,2022-11-08 14:29:54,-0.6,73.0833,81.54,78,68,17.92
88,Klaksvik,FO,2022-11-08 14:29:54,62.2266,-6.589,50.92,93,100,13.6
89,Souillac,MU,2022-11-08 14:29:55,-20.5167,57.5167,75.58,73,40,9.22
90,Carnarvon,AU,2022-11-08 14:29:55,-24.8667,113.6333,67.84,67,0,13.6
91,Malanje,AO,2022-11-08 14:29:55,-9.5402,16.341,79.57,55,100,3.58
92,Bukachacha,RU,2022-11-08 14:29:56,52.9833,116.9167,14.52,87,47,3.76
93,Rio Grande,BR,2022-11-08 14:29:56,-32.035,-52.0986,75.31,61,7,14.7
94,Nurobod,UZ,2022-11-08 14:29:56,40.9056,69.8023,36.52,100,100,4.25
95,Talnakh,RU,2022-11-08 14:29:57,69.4865,88.3972,-13.83,99,88,4.74
96,Alta Floresta,BR,2022-11-08 14:30:57,-9.8756,-56.0861,87.62,66,51,4.61
97,Jieshi,CN,2022-11-08 14:30:58,22.8134,115.8257,71.37,83,95,16.67
98,Lebu,CL,2022-11-08 14:30:58,-37.6167,-73.65,60.98,69,100,2.01
99,Khorramabad,IR,2022-11-08 14:30:59,33.4878,48.3558,62.22,29,40,6.91
100,Sorong,ID,2022-11-08 14:30:59,-0.8833,131.25,79.16,85,100,9.06
101,Bengkulu,ID,2022-11-08 14:30:59,-3.8004,102.2655,77.54,88,100,4.59
102,Pangnirtung,CA,2022-11-08 14:30:59,66.1451,-65.7125,12.2,73,20,3.44
103,The Pas,CA,2022-11-08 14:31:00,53.8251,-101.2541,14.02,85,100,10.36
104,Ahipara,NZ,2022-11-08 14:31:00,-35.1667,173.1667,56.97,96,21,7.02
105,Tutoia,BR,2022-11-08 14:31:01,-2.7619,-42.2744,84.7,60,100,14.23
106,Qaanaaq,GL,2022-11-08 14:31:01,77.484,-69.3632,-5.98,79,85,8.08
107,Kushmurun,KZ,2022-11-08 14:31:01,52.4503,64.6311,29.52,97,100,7.43
108,New Norfolk,AU,2022-11-08 14:31:02,-42.7826,147.0587,58.91,54,100,0.6
109,Longyearbyen,SJ,2022-11-08 14:31:02,78.2186,15.6401,19.24,79,75,9.22
110,Busselton,AU,2022-11-08 14:31:02,-33.65,115.3333,59.79,77,78,3.2
111,Coihaique,CL,2022-11-08 14:31:03,-45.5752,-72.0662,59.61,67,75,2.3
112,Pakokku,MM,2022-11-08 14:31:03,21.3333,95.1,75.63,59,8,4.03
113,Mandalgovi,MN,2022-11-08 14:31:03,45.7625,106.2708,36.27,36,99,4.81
114,Mar Del Plata,AR,2022-11-08 14:29:06,-38.0023,-57.5575,74.82,56,0,12.66
115,Cherskiy,RU,2022-11-08 14:31:04,68.75,161.3,-9.02,100,87,4.45
116,Atar,MR,2022-11-08 14:31:04,20.5169,-13.0499,95.63,11,100,10.09
117,Sorland,NO,2022-11-08 14:31:05,67.667,12.6934,42.66,70,20,21.85
118,Poum,NC,2022-11-08 14:31:05,-20.2333,164.0167,76.87,82,29,15.64
119,Ponta Do Sol,PT,2022-11-08 14:31:05,32.6667,-17.1,78.01,77,83,7.31
120,Hasaki,JP,2022-11-08 14:31:06,35.7333,140.8333,51.22,54,1,8.61
121,Havre-Saint-Pierre,CA,2022-11-08 14:31:06,50.2334,-63.5986,39.2,70,75,14.97
122,Aswan,EG,2022-11-08 14:31:06,24.0934,32.907,83.5,21,0,10.36
123,Lithgow,AU,2022-11-08 14:31:07,-33.4833,150.15,48.74,94,76,2.35
124,Ashland,US,2022-11-08 14:31:07,40.8167,-82.2665,46.02,75,44,11.88
125,Pevek,RU,2022-11-08 14:31:07,69.7008,170.3133,-6.92,100,85,5.1
126,Senador Jose Porfirio,BR,2022-11-08 14:31:08,-2.5908,-51.9542,84.81,61,83,2.91
127,Qarqin,AF,2022-11-08 14:31:08,37.4185,66.0436,45.97,51,2,8.08
128,Nieuw Amsterdam,SR,2022-11-08 14:31:08,5.8833,-55.0833,87.03,74,40,3.44
129,Goba,ET,2022-11-08 14:31:09,7.0167,39.9833,50.72,94,51,2.04
130,Xuanzhou,CN,2022-11-08 14:31:09,30.9525,118.7553,60.15,78,0,7.78
131,Ola,RU,2022-11-08 14:31:09,59.5833,151.2833,14.31,76,98,7.25
132,Maceio,BR,2022-11-08 14:31:10,-9.6658,-35.7353,89.04,51,40,4.61
133,Saint-Philippe,RE,2022-11-08 14:31:10,-21.3585,55.7679,76.59,78,47,9.71
134,Thompson,CA,2022-11-08 14:30:52,55.7435,-97.8558,1.56,85,100,10.36
135,Wajima,JP,2022-11-08 14:31:10,37.4,136.9,55.29,58,3,7.29
136,Hopkinsville,US,2022-11-08 14:27:57,36.8656,-87.4886,60.87,48,91,10.6
137,Ha Giang,VN,2022-11-08 14:31:11,22.8333,104.9833,67.44,84,19,2.71
138,Leningradskiy,RU,2022-11-08 14:31:12,69.3833,178.4167,19.27,93,100,24.9
139,Bathsheba,BB,2022-11-08 14:31:12,13.2167,-59.5167,88.41,66,40,18.41
140,Rio Brilhante,BR,2022-11-08 14:31:13,-21.8019,-54.5464,83.79,31,53,6.96
141,Banda Aceh,ID,2022-11-08 14:31:13,5.5577,95.3222,79.47,81,100,3.56
142,Vardo,NO,2022-11-08 14:31:13,70.3705,31.1107,39.18,81,75,6.91
143,Gazojak,TM,2022-11-08 14:32:14,41.1875,61.4036,43.92,50,34,4.85
144,Fortuna,US,2022-11-08 14:32:15,40.5982,-124.1573,43.36,96,75,11.5
145,Derzhavinsk,KZ,2022-11-08 14:32:15,51.1,66.3167,28.04,89,100,10.42
146,Denpasar,ID,2022-11-08 14:32:16,-8.65,115.2167,78.46,94,75,1.14
147,Ambovombe,MG,2022-11-08 14:32:16,-25.1667,46.0833,76.3,74,2,8.68
148,Nalut,LY,2022-11-08 14:32:17,30.3333,10.85,72.07,24,0,3.83
149,Novyy Urgal,RU,2022-11-08 14:32:17,51.0736,132.5642,22.84,81,66,2.82
150,Bredasdorp,ZA,2022-11-08 14:32:18,-34.5322,20.0403,68.2,57,53,19.48
151,Silifke,TR,2022-11-08 14:32:18,36.3778,33.9344,66.15,61,52,2.64
152,Sao Filipe,CV,2022-11-08 14:32:19,14.8961,-24.4956,79.54,62,97,9.04
153,Kalmunai,LK,2022-11-08 14:32:19,7.4167,81.8167,77.86,87,99,7.47
154,Cabo San Lucas,MX,2022-11-08 14:32:20,22.8909,-109.9124,74.52,65,7,3.0
155,Ibra,OM,2022-11-08 14:32:20,22.6906,58.5334,83.52,32,97,10.83
156,Traverse City,US,2022-11-08 14:32:21,44.7631,-85.6206,39.4,79,75,0.0
157,Kenora,CA,2022-11-08 14:32:22,49.8167,-94.4337,32.97,86,100,13.8
158,Whitehorse,CA,2022-11-08 14:27:47,60.7161,-135.0538,8.02,71,100,19.57
159,Vao,NC,2022-11-08 14:32:22,-22.6667,167.4833,74.41,85,30,10.89
160,Xai-Xai,MZ,2022-11-08 14:32:23,-25.0519,33.6442,82.49,66,57,13.85
161,Fairbanks,US,2022-11-08 14:31:31,64.8378,-147.7164,23.59,89,100,3.44
162,Rincon,US,2022-11-08 14:32:24,32.296,-81.2354,73.85,60,20,14.97
163,Dikson,RU,2022-11-08 14:32:24,73.5069,80.5464,4.01,96,87,4.99
164,Altay,CN,2022-11-08 14:32:25,47.8667,88.1167,41.67,77,100,5.44
165,Port Hardy,CA,2022-11-08 14:32:26,50.6996,-127.4199,30.38,59,20,25.32
166,Zhigansk,RU,2022-11-08 14:32:27,66.7697,123.3711,-13.0,96,93,7.92
167,Kodiak,US,2022-11-08 14:32:27,57.79,-152.4072,36.91,100,100,4.61
168,Laguna,US,2022-11-08 14:32:28,38.421,-121.4238,50.05,92,100,10.36
169,Yining,CN,2022-11-08 14:32:28,29.0361,114.5636,61.21,70,2,1.66
170,Kirakira,SB,2022-11-08 14:32:28,-10.4544,161.9205,79.54,83,18,5.39
171,Nurota,UZ,2022-11-08 14:32:29,40.5614,65.6886,38.14,65,62,3.91
172,Boshkengash,TJ,2022-11-08 14:32:29,38.4661,68.8053,43.14,87,100,2.24
173,Baton Rouge,US,2022-11-08 14:31:14,30.4508,-91.1545,74.05,81,0,4.61
174,Zhanakorgan,KZ,2022-11-08 14:32:29,43.9098,67.2495,41.99,60,100,5.66
175,Te Anau,NZ,2022-11-08 14:32:29,-45.4167,167.7167,47.19,94,47,2.39
176,Vysokogornyy,RU,2022-11-08 14:32:30,50.1167,139.15,17.49,94,46,3.47
177,Nsanje,MW,2022-11-08 14:32:30,-16.92,35.262,93.79,38,96,2.84
178,Yulara,AU,2022-11-08 14:32:30,-25.2406,130.9889,77.05,45,39,4.68
179,Christchurch,NZ,2022-11-08 14:29:19,-43.5333,172.6333,55.9,83,5,9.22
180,Akmene,LT,2022-11-08 14:32:31,56.25,22.75,51.24,94,100,12.41
181,Krasnovishersk,RU,2022-11-08 14:32:31,60.4078,57.082,32.27,99,100,4.99
182,Vila Franca Do Campo,PT,2022-11-08 14:32:31,37.7167,-25.4333,67.19,69,59,9.57
183,Majene,ID,2022-11-08 14:32:32,-3.5403,118.9707,76.21,95,100,8.14
184,Cockburn Town,TC,2022-11-08 14:32:32,21.4612,-71.1419,81.14,71,2,11.59
185,Tolaga Bay,NZ,2022-11-08 14:32:32,-38.3667,178.3,58.3,96,100,11.52
186,Qingdao,CN,2022-11-08 14:33:33,36.0986,120.3719,51.4,100,100,4.47
187,Pingliang,CN,2022-11-08 14:33:33,35.5392,106.6861,47.62,81,94,3.15
188,Bethel,US,2022-11-08 14:33:33,41.3712,-73.414,51.03,50,0,14.97
189,Waitati,NZ,2022-11-08 14:33:34,-45.75,170.5667,50.88,90,11,3.22
190,Fare,PF,2022-11-08 14:33:34,-16.7,-151.0167,77.49,75,81,10.07
191,Zeya,RU,2022-11-08 14:33:34,53.75,127.2667,25.3,97,100,4.0
192,Sesheke,ZM,2022-11-08 14:33:34,-17.4759,24.2968,80.55,53,42,9.69
193,Homer,US,2022-11-08 14:33:35,59.6425,-151.5483,42.69,68,100,6.91
194,Paita,PE,2022-11-08 14:33:35,-5.0892,-81.1144,68.72,73,100,7.63
195,Les Escoumins,CA,2022-11-08 14:33:36,48.1111,-69.0236,34.95,58,100,20.56
196,Zaranj,AF,2022-11-08 14:33:36,30.9667,61.8833,60.76,46,21,20.22
197,Zhigalovo,RU,2022-11-08 14:33:36,54.8097,105.1578,15.35,97,64,3.15
198,Vangaindrano,MG,2022-11-08 14:33:37,-23.35,47.6,75.52,79,100,11.3
199,Nabire,ID,2022-11-08 14:33:37,-3.3667,135.4833,76.1,91,96,1.97
200,Tiksi,RU,2022-11-08 14:33:37,71.6872,128.8694,-1.7,89,100,10.2
201,Sao Gabriel Da Cachoeira,BR,2022-11-08 14:33:38,-0.1303,-67.0892,82.2,78,0,3.44
202,Champaign,US,2022-11-08 14:33:38,40.1334,-88.2001,47.08,71,0,14.97
203,Bereda,ES,2022-11-08 14:33:39,43.2686,-7.5406,62.42,86,25,9.64
204,Grindavik,IS,2022-11-08 14:33:39,63.8424,-22.4338,41.47,87,0,12.66
205,Havelock,US,2022-11-08 14:33:40,34.8791,-76.9013,66.97,61,0,32.21
206,Port Elizabeth,ZA,2022-11-08 14:32:50,-33.918,25.5701,73.09,64,0,10.36
207,Yuzhno-Kurilsk,RU,2022-11-08 14:33:40,44.0306,145.8556,45.52,76,21,15.19
208,Bud,US,2022-11-08 14:33:41,39.447,-86.1758,49.86,68,99,14.0
209,Mehamn,NO,2022-11-08 14:33:41,71.0357,27.8492,35.51,100,75,4.61
210,Castro,BR,2022-11-08 14:33:41,-24.7911,-50.0119,67.01,50,58,4.09
211,Codrington,AU,2022-11-08 14:33:41,-38.2667,141.9667,60.73,79,5,7.74
212,Aksu,CN,2022-11-08 14:33:42,41.1231,80.2644,47.84,34,100,1.5
213,Kupang,ID,2022-11-08 14:33:42,-10.1667,123.5833,79.84,83,71,4.76
214,Urusha,RU,2022-11-08 14:33:42,54.05,122.9,11.91,96,81,4.41
215,Sitrah,BH,2022-11-08 14:33:43,26.1547,50.6206,86.22,54,0,9.22
216,Srednekolymsk,RU,2022-11-08 14:33:43,67.45,153.6833,-14.3,99,99,8.77
217,Sarankhola,BD,2022-11-08 14:33:43,22.3082,89.7897,70.54,73,13,0.25
218,Izsak,HU,2022-11-08 14:33:43,46.8045,19.3517,57.94,68,9,6.71
219,Cayenne,GF,2022-11-08 14:30:06,4.9333,-52.3333,87.84,66,75,4.61
220,Sidney,AU,2022-11-08 14:28:48,-33.8679,151.2073,62.37,84,0,6.64
221,Isangel,VU,2022-11-08 14:33:44,-19.55,169.2667,77.27,88,56,13.56
222,Lokosovo,RU,2022-11-08 14:33:44,61.1333,74.8167,26.01,93,100,10.54
223,Healesville,AU,2022-11-08 14:33:44,-37.65,145.5167,63.23,97,11,3.09
224,Padang,ID,2022-11-08 14:33:45,-0.9492,100.3543,78.85,88,100,4.94
225,Paragominas,BR,2022-11-08 14:33:45,-2.9667,-47.4833,76.14,90,100,2.73
226,Hauterive,FR,2022-11-08 14:33:45,46.0901,3.4459,70.56,66,100,11.95
227,Along,IN,2022-11-08 14:33:46,28.1667,94.7667,62.55,91,10,1.54
228,Shubarkuduk,KZ,2022-11-08 14:33:46,49.1447,56.4872,29.37,84,97,6.78
229,Buraydah,SA,2022-11-08 14:33:46,26.326,43.975,84.65,13,0,10.49
230,Sijunjung,ID,2022-11-08 14:33:46,-0.6876,100.9537,73.51,97,100,0.85
231,Ryotsu,JP,2022-11-08 14:33:47,38.0833,138.4333,53.71,63,5,11.65
232,Imelda,PH,2022-11-08 14:33:47,7.65,123.95,78.82,88,100,3.4
233,Hobyo,SO,2022-11-08 14:34:47,5.3505,48.5268,81.52,70,0,10.4
234,Nikolskoye,RU,2022-11-08 14:34:48,59.7035,30.7861,48.09,87,100,10.85
235,Santa Barbara,US,2022-11-08 14:34:48,34.7333,-120.0343,49.82,93,75,9.22
236,Lufilufi,WS,2022-11-08 14:34:49,-13.8745,-171.5986,73.18,83,46,16.06
237,Pochutla,MX,2022-11-08 14:34:49,15.7432,-96.4661,78.82,70,25,1.48
238,Geraldton,AU,2022-11-08 14:31:34,-28.7667,114.6,63.01,77,75,6.91
239,Kavaratti,IN,2022-11-08 14:34:50,10.5669,72.642,83.08,71,10,7.14
240,Ribeira Grande,PT,2022-11-08 14:34:50,38.5167,-28.7,70.2,64,40,17.27
241,Tura,IN,2022-11-08 14:34:50,25.5198,90.2201,65.95,87,13,3.31
242,Ochakiv,UA,2022-11-08 14:34:51,46.6128,31.5498,48.78,50,87,2.19
243,Saint Anthony,US,2022-11-08 14:30:49,45.0205,-93.218,40.1,70,100,16.11
244,Bongandanga,CD,2022-11-08 14:34:51,1.5,21.05,80.62,70,98,1.59
245,Mangrol,IN,2022-11-08 14:34:51,21.1167,70.1167,79.05,65,1,13.38
246,Sioux Lookout,CA,2022-11-08 14:34:52,50.1001,-91.917,30.27,80,100,12.66
247,Kamiiso,JP,2022-11-08 14:34:52,41.8167,140.65,41.61,78,5,6.26
248,Horki,BY,2022-11-08 14:34:52,54.2861,30.9842,45.18,87,100,12.1
249,Sangar,RU,2022-11-08 14:34:53,63.9242,127.4739,-8.75,91,99,4.47
250,Moose Factory,CA,2022-11-08 14:34:53,51.2585,-80.6094,24.8,80,100,10.36
251,Ouadda,CF,2022-11-08 14:34:53,8.0777,22.4007,88.27,35,86,4.29
252,Tuatapere,NZ,2022-11-08 14:34:53,-46.1333,167.6833,48.34,93,20,3.69
253,Sakakah,SA,2022-11-08 14:32:47,29.9697,40.2064,74.77,30,0,8.39
254,La Libertad,EC,2022-11-08 14:34:54,-2.2333,-80.9,67.66,94,100,9.22
255,San Andres,CO,2022-11-08 14:34:54,12.5847,-81.7006,86.02,66,20,4.61
256,Puerto Escondido,MX,2022-11-08 14:34:54,15.85,-97.0667,79.63,78,40,8.05
257,Odweyne,SO,2022-11-08 14:34:55,9.4092,45.064,81.18,41,62,7.49
258,Bintulu,MY,2022-11-08 14:34:55,3.1667,113.0333,73.81,100,40,6.91
259,Voyinka,UA,2022-11-08 14:34:56,45.8699,33.9914,44.56,75,69,6.2
260,Axim,GH,2022-11-08 14:34:56,4.8699,-2.2405,83.01,72,56,8.57
261,North Bend,US,2022-11-08 14:34:56,43.4065,-124.2243,42.85,97,75,0.0
262,Kieta,PG,2022-11-08 14:34:57,-6.2167,155.6333,78.6,84,100,2.46
263,Narsaq,GL,2022-11-08 14:34:57,60.9167,-46.05,25.02,67,34,7.45
264,La Ronge,CA,2022-11-08 14:34:57,55.1001,-105.2842,12.45,85,100,11.5
265,Ostrovnoy,RU,2022-11-08 14:34:58,68.0531,39.5131,33.26,83,98,4.59
266,Camacha,PT,2022-11-08 14:34:58,33.0833,-16.3333,71.02,73,40,5.75
267,Pangkalanbuun,ID,2022-11-08 14:34:58,-2.6833,111.6167,74.26,95,88,2.33
268,Haapiti,PF,2022-11-08 14:34:59,-17.5667,-149.8667,73.13,80,49,8.75
269,Lagoa,PT,2022-11-08 14:34:59,39.05,-27.9833,64.17,79,100,20.94
270,Bambous Virieux,MU,2022-11-08 14:34:59,-20.3428,57.7575,76.21,73,40,9.22
271,Guerrero Negro,MX,2022-11-08 14:34:59,27.9769,-114.0611,64.24,85,2,6.2
272,Airai,TL,2022-11-08 14:35:00,-8.9266,125.4092,63.14,87,100,1.12
273,Katsuura,JP,2022-11-08 14:35:00,35.1333,140.3,60.66,62,8,6.13
274,Cordoba,AR,2022-11-08 14:30:27,-31.4135,-64.1811,82.24,30,0,21.85
275,Halifax,CA,2022-11-08 14:31:00,44.6453,-63.5724,46.45,54,40,28.77
276,Sao Joao Da Barra,BR,2022-11-08 14:35:00,-21.6403,-41.0511,77.09,66,68,9.26
277,Bara,NG,2022-11-08 14:35:01,10.3744,10.7288,95.81,17,70,9.86
278,Channel-Port Aux Basques,CA,2022-11-08 14:30:47,47.5702,-59.1367,41.49,67,100,38.74
279,Alice Springs,AU,2022-11-08 14:31:04,-23.7,133.8833,81.95,34,100,13.8
280,Liepaja,LV,2022-11-08 14:30:21,56.5419,21.0367,51.78,100,100,16.11
281,Nortelandia,BR,2022-11-08 14:36:02,-14.4547,-56.8028,98.51,21,0,1.66
282,Port Macquarie,AU,2022-11-08 14:35:18,-31.4333,152.9167,56.89,100,56,0.0
283,Garowe,SO,2022-11-08 14:36:03,8.4054,48.4845,87.69,29,4,5.48
284,Mlowo,TZ,2022-11-08 14:36:03,-9.0,32.9833,73.49,47,100,5.46
285,Pokhara,NP,2022-11-08 14:36:04,28.2333,83.9833,61.36,75,70,4.09
286,Ternate,ID,2022-11-08 14:36:05,0.8,127.4,82.51,74,99,2.64
287,Casambalangan,PH,2022-11-08 14:36:06,18.3765,122.1274,78.24,86,98,6.4
288,Rypin,PL,2022-11-08 14:31:57,53.066,19.4094,56.14,80,57,8.05
289,Biltine,TD,2022-11-08 14:36:06,14.5333,20.9167,95.02,12,1,10.38
290,Kidal,ML,2022-11-08 14:36:06,18.4411,1.4078,88.66,7,0,13.96
291,Salalah,OM,2022-11-08 14:33:54,17.0151,54.0924,82.49,65,0,3.44
292,Madang,PG,2022-11-08 14:36:07,-5.2246,145.7966,75.49,97,100,7.45
293,Nantucket,US,2022-11-08 14:36:07,41.2835,-70.0995,52.09,61,30,27.94
294,Vitim,RU,2022-11-08 14:36:08,59.4511,112.5578,22.32,93,100,9.06
295,Paratinga,BR,2022-11-08 14:36:08,-12.6906,-43.1842,91.35,36,81,2.93
296,Sinnamary,GF,2022-11-08 14:36:08,5.3833,-52.95,83.39,67,100,5.48
297,Los Angeles,US,2022-11-08 14:36:06,34.0522,-118.2437,62.06,95,100,13.8
298,Syracuse,IT,2022-11-08 14:31:38,37.0881,15.2792,71.19,67,16,7.72
299,Bajil,YE,2022-11-08 14:36:09,15.0584,43.2851,87.21,50,1,11.48
300,Luderitz,NA,2022-11-08 14:36:10,-26.6481,15.1594,66.97,66,77,17.2
301,Bairiki,KI,2022-11-08 14:36:10,1.3292,172.9752,77.0,83,20,5.75
302,Flinders,AU,2022-11-08 14:36:10,-34.5833,150.8552,56.25,90,7,5.41
303,Djibo,BF,2022-11-08 14:36:10,14.1022,-1.6306,94.26,8,0,8.66
304,Aktash,RU,2022-11-08 14:36:11,50.3,87.7333,21.11,87,100,3.8
305,Half Moon Bay,US,2022-11-08 14:36:11,37.4636,-122.4286,49.44,95,100,5.75
306,Santa Cruz De Tenerife,ES,2022-11-08 14:36:11,28.4682,-16.2546,78.87,77,40,7.0
307,Alyangula,AU,2022-11-08 14:36:12,-13.8483,136.4192,81.91,75,36,9.62
308,Hamilton,US,2022-11-08 14:34:49,39.1834,-84.5333,50.23,61,0,13.8
309,Ketchikan,US,2022-11-08 14:36:12,55.3422,-131.6461,25.27,50,0,4.61
310,Yeppoon,AU,2022-11-08 14:36:12,-23.1333,150.7333,65.98,69,6,15.55
311,Oxford,GB,2022-11-08 14:33:07,51.7522,-1.256,54.88,86,20,20.71
312,Sovetskiy,RU,2022-11-08 14:36:13,61.3614,63.5842,25.36,98,92,4.18
313,Kaseda,JP,2022-11-08 14:36:14,31.4167,130.3167,63.03,58,0,2.53
314,Aurora,US,2022-11-08 14:36:07,39.7294,-104.8319,57.61,36,75,11.5
315,Nelson,NZ,2022-11-08 14:36:14,-41.2833,173.2833,51.3,82,6,4.0
316,Kruisfontein,ZA,2022-11-08 14:36:14,-34.0033,24.7314,70.88,61,99,9.86
317,Rio Cuarto,AR,2022-11-08 14:36:15,-33.1307,-64.3499,83.48,27,0,32.21
318,Komsomolskiy,UZ,2022-11-08 14:36:15,40.4272,71.7189,45.32,70,75,11.5
319,Rawson,AR,2022-11-08 14:36:15,-43.3002,-65.1023,71.73,40,100,7.02
320,Frydlant,CZ,2022-11-08 14:36:16,50.9214,15.0797,57.27,75,76,9.42
321,Kotaparh,IN,2022-11-08 14:36:16,19.15,82.35,65.61,67,4,5.93
322,Meulaboh,ID,2022-11-08 14:36:16,4.1363,96.1285,78.03,85,100,1.72
323,Limbang,MY,2022-11-08 14:36:16,4.75,115.0,77.11,97,100,1.88
324,Ulaanbaatar,MN,2022-11-08 14:33:29,47.9077,106.8832,15.93,86,0,2.24
325,Ardakan,IR,2022-11-08 14:37:17,32.31,54.0175,57.51,24,0,7.38
326,Killybegs,IE,2022-11-08 14:37:17,54.6333,-8.45,51.51,75,97,15.93
327,Tezu,IN,2022-11-08 14:35:34,27.9167,96.1667,65.52,68,0,4.05
328,Cabedelo,BR,2022-11-08 14:37:18,-6.9811,-34.8339,86.67,57,100,10.87
329,Cherdyn,RU,2022-11-08 14:37:18,60.403,56.4787,32.0,98,100,5.48
330,Linxia,CN,2022-11-08 14:37:19,35.6003,103.2064,47.88,63,30,0.78
331,Smirnykh,RU,2022-11-08 14:37:19,49.75,142.8333,24.39,80,9,3.06
332,Severnoye,RU,2022-11-08 14:37:19,56.3491,78.3619,25.48,94,100,5.23
333,Cortez,US,2022-11-08 14:37:20,37.3489,-108.5859,49.69,58,0,0.0
334,Cap Malheureux,MU,2022-11-08 14:37:20,-19.9842,57.6142,76.46,67,93,3.0
335,Rio Gallegos,AR,2022-11-08 14:37:20,-51.6226,-69.2181,59.05,38,75,20.71
336,Shevchenkove,UA,2022-11-08 14:37:21,49.6959,37.1735,39.11,64,96,4.59
337,Inyonga,TZ,2022-11-08 14:37:21,-6.7167,32.0667,77.47,51,95,5.64
338,Qasigiannguit,GL,2022-11-08 14:37:21,68.8193,-51.1922,-8.28,87,14,5.28
339,Bonavista,CA,2022-11-08 14:37:22,48.6499,-53.1147,45.01,63,7,30.96
340,Ilulissat,GL,2022-11-08 14:37:22,69.2167,-51.1,-9.63,81,39,6.2
341,Prince Rupert,CA,2022-11-08 14:36:56,54.3161,-130.3201,28.09,57,0,10.36
342,Pasighat,IN,2022-11-08 14:37:23,28.0667,95.3333,66.49,80,0,3.78
343,Narasannapeta,IN,2022-11-08 14:37:23,18.4167,84.05,74.86,74,2,6.29
344,Saint George,US,2022-11-08 14:37:00,37.1041,-113.5841,59.59,52,75,13.8
345,Parabel,RU,2022-11-08 14:33:16,58.6978,81.4825,25.43,93,100,5.66
346,Surgut,RU,2022-11-08 14:37:24,61.25,73.4167,30.38,86,100,11.18
347,Los Llanos De Aridane,ES,2022-11-08 14:37:24,28.6585,-17.9182,72.12,67,75,7.0
348,Upernavik,GL,2022-11-08 14:37:24,72.7868,-56.1549,3.11,73,7,7.65
349,Vestmannaeyjar,IS,2022-11-08 14:37:25,63.4427,-20.2734,45.59,70,75,12.66
350,Ugoofaaru,MV,2022-11-08 14:37:25,5.6667,73.0,81.32,76,24,10.94
351,Athabasca,CA,2022-11-08 14:37:25,54.7169,-113.2854,0.01,97,98,5.61
352,Deoria,IN,2022-11-08 14:37:26,26.5047,83.7872,73.83,54,98,2.64
353,Vostok,RU,2022-11-08 14:37:26,46.4856,135.8833,24.39,84,11,5.12
354,Turukhansk,RU,2022-11-08 14:37:26,65.8167,87.9833,20.5,96,100,11.72
355,Mocuba,MZ,2022-11-08 14:37:27,-16.8392,36.9856,92.07,36,59,10.67
356,Sibolga,ID,2022-11-08 14:37:27,1.7427,98.7792,77.43,89,100,1.52
357,Bodden Town,KY,2022-11-08 14:37:27,19.2833,-81.25,84.99,62,20,10.36
358,Touros,BR,2022-11-08 14:37:28,-5.1989,-35.4608,86.77,53,27,12.88
359,Sabang,ID,2022-11-08 14:37:28,5.8933,95.3214,81.18,74,100,1.83
360,Gunnedah,AU,2022-11-08 14:37:28,-30.9833,150.25,59.32,86,76,5.95
361,San Patricio,US,2022-11-08 14:37:29,28.017,-97.5169,78.67,76,3,9.08
362,Wote,KE,2022-11-08 14:37:29,-1.7808,37.6288,76.55,46,52,7.47
363,Aban,RU,2022-11-08 14:37:29,56.67,96.06,19.76,96,58,1.77
364,Valenza,IT,2022-11-08 14:37:29,45.0141,8.6414,60.37,58,59,2.95
365,Saint-Paul,RE,2022-11-08 14:37:30,-21.0096,55.2707,77.11,79,97,3.91
366,Kholodnyy,RU,2022-11-08 14:37:30,62.7167,147.95,-4.58,99,100,3.04
367,Dondo,MZ,2022-11-08 14:37:30,-19.6094,34.7431,83.71,66,99,11.16
368,Berlevag,NO,2022-11-08 14:37:31,70.8578,29.0864,35.55,93,100,4.61
369,Ville-Marie,CA,2022-11-08 14:34:37,47.3335,-79.433,32.4,57,11,6.91
370,Dalbandin,PK,2022-11-08 14:37:31,28.8947,64.4101,69.49,42,59,9.75
371,Lamar,US,2022-11-08 14:37:31,33.6668,-95.5836,68.36,98,100,9.22
372,Zaysan,KZ,2022-11-08 14:37:32,47.4667,84.8667,43.07,80,100,9.06
373,Angoram,PG,2022-11-08 14:38:32,-4.0625,144.0661,73.69,96,100,2.42
374,Kandi,BJ,2022-11-08 14:38:33,11.1342,2.9386,96.33,14,30,5.19
375,Weligama,LK,2022-11-08 14:38:33,5.9667,80.4167,77.52,85,95,2.8
376,Montelibano,CO,2022-11-08 14:38:33,7.9829,-75.4229,82.08,78,85,3.85
377,Shakawe,BW,2022-11-08 14:38:33,-18.3667,21.85,86.86,32,82,1.9
378,Sechura,PE,2022-11-08 14:38:34,-5.5569,-80.8222,71.49,65,85,6.06
379,Mombetsu,JP,2022-11-08 14:38:34,44.3525,143.3525,40.44,78,22,8.55
380,Husavik,IS,2022-11-08 14:38:34,66.0449,-17.3389,39.43,89,98,16.15
381,Panlaitan,PH,2022-11-08 14:38:35,12.1191,119.8486,82.63,78,86,3.53
382,Pitimbu,BR,2022-11-08 14:38:13,-7.4706,-34.8086,86.59,56,56,10.13
383,Sanmenxia,CN,2022-11-08 14:38:35,34.7747,111.1814,55.78,69,100,8.99
384,Sosua,DO,2022-11-08 14:38:35,19.7667,-70.5167,76.98,88,20,0.0
385,Georgetown,MY,2022-11-08 14:35:06,5.4112,100.3354,82.33,89,20,3.44
386,Miri,MY,2022-11-08 14:38:36,4.4148,114.0089,80.74,94,40,3.44
387,Kualakapuas,ID,2022-11-08 14:38:36,-3.0091,114.3876,75.63,94,100,2.75
388,Henties Bay,NA,2022-11-08 14:38:36,-22.116,14.2845,66.29,75,9,9.75
389,Guadalupe Y Calvo,MX,2022-11-08 14:38:37,26.1,-106.9667,54.75,35,57,3.27
390,Ostersund,SE,2022-11-08 14:38:37,63.1792,14.6357,30.65,100,100,11.01
391,Kargasok,RU,2022-11-08 14:38:37,59.0556,80.8572,26.2,86,100,7.56
392,Lompoc,US,2022-11-08 14:38:38,34.6391,-120.4579,54.79,97,100,14.97
393,Wattegama,LK,2022-11-08 14:38:38,6.7989,81.4808,74.5,92,97,3.94
394,Bitam,GA,2022-11-08 14:38:38,2.076,11.5007,75.61,89,100,3.42
395,East London,ZA,2022-11-08 14:38:39,-33.0153,27.9116,65.34,94,40,3.44
396,Lixourion,GR,2022-11-08 14:38:39,38.2019,20.4314,66.07,74,55,9.91
397,Broome,US,2022-11-08 14:38:39,42.2506,-75.833,47.46,69,40,14.97
398,Itarema,BR,2022-11-08 14:38:39,-2.9248,-39.9167,87.4,49,100,16.89
399,Carauari,BR,2022-11-08 14:38:40,-4.8828,-66.8958,89.98,53,89,2.62
400,Mawlaik,MM,2022-11-08 14:38:40,23.6333,94.4167,71.15,79,54,1.36
401,Southbridge,US,2022-11-08 14:35:18,42.0751,-72.0334,49.37,53,11,7.0
402,Porto Torres,IT,2022-11-08 14:38:40,40.835,8.3972,71.78,64,12,2.62
403,Tombouctou,ML,2022-11-08 14:38:41,20.0,-3.0,89.62,7,0,2.13
404,Linaon,PH,2022-11-08 14:38:41,9.9499,122.4483,81.59,83,100,7.76
405,Clyde River,CA,2022-11-08 14:38:42,70.4692,-68.5914,14.23,85,100,17.27
406,Garango,BF,2022-11-08 14:38:42,11.8,-0.5506,94.82,12,66,7.07
407,Keningau,MY,2022-11-08 14:38:42,5.3378,116.1602,72.97,99,100,0.58
408,Strani,CZ,2022-11-08 14:38:43,48.9022,17.7067,52.9,100,60,7.56
409,Kribi,CM,2022-11-08 14:38:44,2.95,9.9167,81.57,80,100,9.84
410,Pierre,US,2022-11-08 14:38:44,44.3683,-100.351,43.72,60,100,21.0
411,Dargaville,NZ,2022-11-08 14:38:44,-35.9333,173.8833,59.94,97,97,8.52
412,Belyy Yar,RU,2022-11-08 14:38:45,53.6039,91.3903,28.29,89,98,2.24
413,Oranjestad,AW,2022-11-08 14:36:38,12.524,-70.027,85.91,78,40,4.61
414,Progreso,MX,2022-11-08 14:38:45,21.2833,-89.6667,81.1,64,47,11.56
415,Sarangani,PH,2022-11-08 14:38:46,5.4033,125.4636,83.52,71,100,4.29
416,Kosh-Agach,RU,2022-11-08 14:35:19,50.0,88.6667,27.1,80,100,2.89
417,Marsa Matruh,EG,2022-11-08 14:38:46,31.3525,27.2453,71.8,60,40,9.22
418,Walvis Bay,NA,2022-11-08 14:38:46,-22.9575,14.5053,72.55,60,0,10.36
419,Sur,OM,2022-11-08 14:39:47,22.5667,59.5289,83.12,58,72,5.84
420,Urubicha,BO,2022-11-08 14:39:47,-15.3833,-62.95,97.81,18,0,3.47
421,Yumen,CN,2022-11-08 14:39:47,40.2833,97.2,38.35,34,21,4.0
422,Boden,SE,2022-11-08 14:39:47,65.8252,21.6886,30.2,96,97,5.7
423,Atambua,ID,2022-11-08 14:39:48,-9.1061,124.8925,76.95,84,100,3.6
424,Puerto Madryn,AR,2022-11-08 14:39:48,-42.7692,-65.0385,73.35,42,100,3.51
425,Nome,US,2022-11-08 14:39:48,64.5011,-165.4064,37.47,81,100,24.16
426,Opuwo,NA,2022-11-08 14:39:49,-18.0607,13.84,90.9,12,0,11.05
427,Zatoka,UA,2022-11-08 14:39:49,46.0725,30.4654,49.66,67,78,6.31
428,Baruun-Urt,MN,2022-11-08 14:39:49,46.6806,113.2792,32.31,45,28,7.76
429,Contramaestre,CU,2022-11-08 14:39:49,20.2978,-76.2414,80.1,70,1,4.12
430,Portland,US,2022-11-08 14:37:58,45.5234,-122.6762,41.09,93,75,8.01
431,Praia Da Vitoria,PT,2022-11-08 14:39:50,38.7333,-27.0667,71.85,60,20,11.16
432,Solnechnyy,RU,2022-11-08 14:35:26,50.7214,136.6319,25.92,61,4,4.36
433,Port Lincoln,AU,2022-11-08 14:39:50,-34.7333,135.8667,70.18,60,86,19.86
434,Songjianghe,CN,2022-11-08 14:39:51,42.1859,127.479,30.9,77,3,5.57
435,Port Augusta,AU,2022-11-08 14:39:51,-32.5,137.7667,76.8,30,53,11.52
436,Severo-Kurilsk,RU,2022-11-08 14:39:51,50.6789,156.125,34.66,95,97,10.04
437,Mount Gambier,AU,2022-11-08 14:39:52,-37.8333,140.7667,60.94,73,4,6.71
438,Konakovo,RU,2022-11-08 14:39:52,56.7,36.7667,41.25,93,100,9.01
439,Ozu,JP,2022-11-08 14:39:52,33.5,132.55,55.18,74,0,5.06
440,San Quintin,MX,2022-11-08 14:39:52,30.4833,-115.95,61.83,89,2,1.68
441,Russell,US,2022-11-08 14:39:53,32.3502,-85.1999,75.96,61,0,9.24
442,Matara,LK,2022-11-08 14:39:53,5.9485,80.5353,77.67,85,95,3.09
443,Ixtapa,MX,2022-11-08 14:35:10,20.7,-105.2,75.22,94,0,3.44
444,Arona,ES,2022-11-08 14:39:53,28.0996,-16.681,71.98,78,40,12.66
445,Pacific Grove,US,2022-11-08 14:39:00,36.6177,-121.9166,51.91,89,100,20.71
446,Dauriya,RU,2022-11-08 14:39:54,49.9333,116.8667,30.58,72,90,14.27
447,Yar-Sale,RU,2022-11-08 14:39:54,66.8333,70.8333,17.26,96,100,8.43
448,Huai Mek,TH,2022-11-08 14:39:55,16.5898,103.2355,72.88,99,86,6.44
449,Heihe,CN,2022-11-08 14:39:55,50.2441,127.4902,34.38,73,71,7.38
450,Esperance,AU,2022-11-08 14:38:20,-33.8667,121.9,58.19,75,90,8.88
451,Stryn,NO,2022-11-08 14:39:55,61.9045,6.7226,45.48,86,100,7.14
452,Matamoros,MX,2022-11-08 14:39:56,25.5333,-103.25,67.1,54,0,0.0
453,Eenhana,NA,2022-11-08 14:39:56,-17.4667,16.3333,91.69,14,0,8.72
454,Marrakesh,MA,2022-11-08 14:39:56,31.6315,-8.0083,84.27,20,40,8.05
455,Yantal,RU,2022-11-08 14:39:57,56.8471,105.2542,19.8,95,98,6.58
456,Sena Madureira,BR,2022-11-08 14:39:57,-9.0656,-68.6569,99.91,22,6,2.51
457,Taft,IR,2022-11-08 14:39:57,31.7471,54.2088,55.35,31,0,2.3
458,Mahon,ES,2022-11-08 14:39:58,39.8885,4.2658,70.36,73,20,5.75
459,Westport,US,2022-11-08 14:39:58,41.1415,-73.3579,52.9,46,0,13.8
460,Jyvaskyla,FI,2022-11-08 14:39:58,62.2415,25.7209,35.94,98,100,9.22
461,Oistins,BB,2022-11-08 14:39:58,13.0667,-59.5333,87.89,66,40,18.41
462,Chumikan,RU,2022-11-08 14:39:59,54.7183,135.315,21.9,73,59,17.11
463,Prabumulih,ID,2022-11-08 14:39:59,-3.45,104.25,75.78,93,100,2.19
464,Bria,CF,2022-11-08 14:39:59,6.5423,21.9863,84.52,61,90,2.77
465,Lasa,IT,2022-11-08 14:40:00,46.6166,10.7002,49.37,75,56,2.17
466,Korla,CN,2022-11-08 14:41:00,41.7597,86.1469,49.17,41,60,8.23
467,Ushtobe,KZ,2022-11-08 14:41:00,45.2514,77.9838,41.27,59,100,10.83
468,Inhambane,MZ,2022-11-08 14:41:01,-23.865,35.3833,82.38,74,75,16.11
469,Acari,PE,2022-11-08 14:41:01,-15.4311,-74.6158,75.02,55,54,8.52
470,Gasa,PS,2022-11-08 14:38:09,31.5,34.4667,66.88,65,15,9.62
471,Palmer,US,2022-11-08 14:41:01,42.1584,-72.3287,50.45,46,20,11.5
472,Borzya,RU,2022-11-08 14:41:02,50.3833,116.5167,29.66,65,84,16.69
473,Mackenzie,CA,2022-11-08 14:40:11,55.2999,-123.1698,-3.78,65,0,4.61
474,Sobolevo,RU,2022-11-08 14:41:02,54.4299,31.8996,45.07,87,100,10.6
475,Tayshet,RU,2022-11-08 14:41:03,55.9342,98.0044,18.5,97,35,2.86
476,Terney,RU,2022-11-08 14:41:03,45.0503,136.6092,35.35,69,4,6.73
477,Codajas,BR,2022-11-08 14:41:03,-3.8367,-62.0569,91.74,48,82,3.6
478,Missoula,US,2022-11-08 14:41:03,47.0166,-113.8009,9.0,98,100,3.2
479,Jeremie,HT,2022-11-08 14:41:04,18.65,-74.1167,82.35,66,1,0.51
480,Atasu,KZ,2022-11-08 14:41:04,48.6814,71.6433,25.14,77,66,6.02
481,Altamont,US,2022-11-08 14:41:05,42.2068,-121.7372,31.84,80,100,9.22
482,Gumla,IN,2022-11-08 14:41:05,23.05,84.55,67.28,61,42,2.62
483,Pisco,PE,2022-11-08 14:41:05,-13.7,-76.2167,66.02,77,20,6.91
484,San Mateo Del Mar,MX,2022-11-08 14:41:06,16.2,-95.0,80.01,71,18,31.27
485,Rio De Janeiro,BR,2022-11-08 14:41:06,-22.9028,-43.2075,76.95,74,100,4.61
486,Olinda,BR,2022-11-08 14:41:07,-8.0089,-34.8553,83.93,61,75,11.5
487,Gat,IL,2022-11-08 14:41:07,31.61,34.7642,68.4,100,20,9.73
488,Lampazos De Naranjo,MX,2022-11-08 14:41:07,27.0167,-100.5167,74.62,74,88,9.6
489,Arica,CL,2022-11-08 14:39:54,-18.475,-70.3042,69.35,63,0,11.5
490,Harper,LR,2022-11-08 14:41:08,4.375,-7.7169,83.16,69,84,8.66
491,Ouesso,CG,2022-11-08 14:41:08,1.6136,16.0517,84.15,63,90,2.06
492,High Level,CA,2022-11-08 14:41:08,58.5169,-117.136,-20.09,76,75,3.44
493,Aksaray,TR,2022-11-08 14:41:09,38.3726,34.0254,51.76,69,82,8.68
494,Ambanja,MG,2022-11-08 14:41:09,-13.6833,48.45,84.13,84,59,4.43
495,Benjamin Aceval,PY,2022-11-08 14:41:09,-24.9667,-57.5667,84.6,34,1,4.41
496,Usinsk,RU,2022-11-08 14:41:10,65.9939,57.5281,26.24,98,100,7.31
497,Ciudad Bolivar,VE,2022-11-08 14:41:10,8.1222,-63.5497,87.82,59,100,3.38
498,Nguruka,TZ,2022-11-08 14:41:10,-5.1092,31.0419,77.94,59,91,8.43
499,Komsomolets,KZ,2022-11-08 14:41:11,53.7453,62.0708,23.7,96,92,4.21
500,Barrhead,GB,2022-11-08 14:41:11,55.7992,-4.3929,55.02,83,75,5.01
501,Arman,RU,2022-11-08 14:41:11,59.7,150.1667,5.02,90,100,5.17
502,Cruzeiro Do Sul,BR,2022-11-08 14:41:11,-29.5128,-51.9853,74.52,57,76,8.21
503,Oxbow,CA,2022-11-08 14:41:12,49.2333,-102.1676,22.64,87,95,5.88
504,Ingham,US,2022-11-08 14:41:12,42.6,-84.3833,42.91,75,0,6.91
505,Brae,GB,2022-11-08 14:41:12,60.3964,-1.353,51.37,84,95,7.14
506,Mkushi,ZM,2022-11-08 14:41:13,-13.6202,29.3939,70.48,73,94,3.11
507,West Bay,KY,2022-11-08 14:41:13,19.3667,-81.4167,85.06,69,20,10.36
508,Gravdal,NO,2022-11-08 14:41:13,68.1214,13.5031,31.89,86,20,6.91
509,Kahului,US,2022-11-08 14:40:00,20.8947,-156.47,76.84,78,0,12.66
510,Redlands,US,2022-11-08 14:36:50,34.0556,-117.1825,59.54,92,100,6.91
511,Bilibino,RU,2022-11-08 14:42:14,68.0546,166.4372,-7.37,88,10,4.45
512,Tomatlan,MX,2022-11-08 14:42:14,19.9333,-105.25,74.89,77,0,1.14
513,Saldanha,ZA,2022-11-08 14:42:15,-33.0117,17.9442,69.85,71,100,15.28
514,Veraval,IN,2022-11-08 14:42:15,20.9,70.3667,79.02,66,0,10.47
515,Verkhoyansk,RU,2022-11-08 14:42:15,67.5447,133.385,-6.27,99,99,2.98
516,Mumbwa,ZM,2022-11-08 14:42:16,-14.9783,27.0619,66.61,86,100,5.5
517,Awassa,ET,2022-11-08 14:42:16,7.05,38.4667,65.84,73,82,7.11
518,Sibu,MY,2022-11-08 14:38:23,2.3,111.8167,77.31,94,40,3.44
519,Khandbari,NP,2022-11-08 14:42:17,27.3747,87.2039,61.07,87,80,1.54
520,Sao Felix Do Xingu,BR,2022-11-08 14:42:17,-6.6447,-51.995,88.5,55,99,1.86
521,Liyang,CN,2022-11-08 14:42:17,29.7057,118.2862,59.94,78,1,1.86
522,Ulaangom,MN,2022-11-08 14:42:17,49.9811,92.0667,27.88,81,100,2.53
523,Havoysund,NO,2022-11-08 14:42:18,70.9963,24.6622,37.63,81,95,6.4
524,Kalya,IN,2022-11-08 14:42:18,12.9793,77.1806,69.57,72,88,7.25
525,Forbes,AU,2022-11-08 14:42:18,-33.3833,148.0167,61.92,81,1,5.5
526,Nishihara,JP,2022-11-08 14:40:57,26.1842,127.7558,74.48,74,20,10.36
527,Maniitsoq,GL,2022-11-08 14:42:19,65.4167,-52.9,17.49,52,0,7.11
528,Duluth,US,2022-11-08 14:42:19,46.7833,-92.1066,40.55,72,100,18.41
529,Synya,RU,2022-11-08 14:42:19,65.3718,58.0387,27.01,97,100,5.08
530,Santarem,BR,2022-11-08 14:42:20,-2.4431,-54.7083,78.93,89,75,4.61
531,Bandrele,YT,2022-11-08 14:42:20,-12.9067,45.1914,80.35,78,20,9.22
532,Naze,JP,2022-11-08 14:42:20,28.3667,129.4833,72.52,66,85,12.48
533,Kyaikkami,MM,2022-11-08 14:42:21,16.08,97.5675,80.67,74,0,6.02
534,Dongsheng,CN,2022-11-08 14:42:21,39.8161,109.9776,42.22,83,98,12.1
535,Novikovo,RU,2022-11-08 14:42:21,51.1537,37.8879,39.67,68,100,6.64
536,Orono,US,2022-11-08 14:42:22,44.8831,-68.672,44.19,48,20,24.16
537,Storm Lake,US,2022-11-08 14:40:34,42.6411,-95.2097,43.84,56,100,19.57
538,Grand Gaube,MU,2022-11-08 14:42:22,-20.0064,57.6608,76.37,66,90,5.99
539,Thunder Bay,CA,2022-11-08 14:41:15,48.4001,-89.3168,35.58,69,100,12.66
540,Yerbogachen,RU,2022-11-08 14:42:23,61.2767,108.0108,17.26,92,100,10.4
541,Tessalit,ML,2022-11-08 14:42:23,20.1986,1.0114,89.08,8,0,8.39
542,Metro,ID,2022-11-08 14:42:23,-5.1131,105.3067,75.85,91,100,0.56
543,Sinjar,IQ,2022-11-08 14:42:24,36.3209,41.8754,60.15,49,100,10.07
544,Chongwe,ZM,2022-11-08 14:42:24,-15.3292,28.682,79.27,51,91,1.1
545,Mana,GF,2022-11-08 14:42:24,5.6592,-53.7767,84.47,66,100,4.18
546,Barao De Melgaco,BR,2022-11-08 14:42:25,-16.1944,-55.9675,103.48,15,3,1.48
547,Nizwa,OM,2022-11-08 14:42:25,22.9333,57.5333,83.75,29,96,1.72
548,Marang,MY,2022-11-08 14:42:25,5.2056,103.2059,78.71,83,95,2.59
549,Karpathos,GR,2022-11-08 14:42:26,35.507,27.2132,66.16,68,20,31.07
550,Noumea,NC,2022-11-08 14:42:15,-22.2763,166.4572,77.0,99,100,9.89
551,Tacna,PE,2022-11-08 14:42:26,-18.0056,-70.2483,62.8,68,0,6.91
552,San Miniato,IT,2022-11-08 14:42:26,43.6899,10.8174,70.56,68,43,3.09
553,Dunedin,NZ,2022-11-08 14:42:27,-45.8742,170.5036,51.37,88,23,3.65
554,Nelson Bay,AU,2022-11-08 14:42:27,-32.7167,152.15,63.0,89,0,5.01
555,Pouebo,NC,2022-11-08 14:42:28,-20.4,164.5667,74.62,89,36,5.06
556,Pinhao,BR,2022-11-08 14:42:28,-25.6956,-51.6597,68.94,41,25,5.26
557,Bolshoye Selo,RU,2022-11-08 14:43:28,57.7177,38.9334,39.38,95,100,8.97
558,Thinadhoo,MV,2022-11-08 14:43:29,0.5333,72.9333,82.13,76,90,15.01
559,Raton,US,2022-11-08 14:43:29,36.9034,-104.4391,48.54,100,40,6.91
