City_ID,City,Country,Date,Lat,Lng,Max Temp,Humidity,Cloudiness,Wind Speed,Description
0,Dunedin,NZ,2022-11-12 14:07:54,-45.8742,170.5036,50.81,92,100,3.24,overcast clouds
1,Souillac,MU,2022-11-12 14:04:12,-20.5167,57.5167,73.69,63,0,8.66,clear sky
2,Beloha,MG,2022-11-12 14:05:32,-25.1667,45.05,79.45,63,19,20.56,few clouds
3,Heinsberg,DE,2022-11-12 14:07:55,51.0667,6.0833,63.46,72,53,2.33,broken clouds
4,New Norfolk,AU,2022-11-12 14:02:58,-42.7826,147.0587,47.91,67,100,0.89,overcast clouds
5,Tonj,SS,2022-11-12 14:07:55,7.2737,28.6822,90.77,21,100,1.72,overcast clouds
6,Kloulklubed,PW,2022-11-12 14:07:55,7.0419,134.2556,83.59,77,15,11.23,few clouds
7,Plettenberg Bay,ZA,2022-11-12 14:04:05,-34.0527,23.3716,67.8,68,47,8.48,scattered clouds
8,Lagoa,PT,2022-11-12 13:58:52,39.05,-27.9833,60.69,70,100,24.29,overcast clouds
9,Tuatapere,NZ,2022-11-12 14:02:55,-46.1333,167.6833,46.42,88,87,3.91,overcast clouds
10,Ushuaia,AR,2022-11-12 14:02:48,-54.8,-68.3,51.24,55,22,5.1,few clouds
11,Ihosy,MG,2022-11-12 14:07:56,-22.4,46.1167,82.38,43,5,12.75,clear sky
12,Dikson,RU,2022-11-12 14:02:52,73.5069,80.5464,-8.27,100,98,4.74,overcast clouds
13,Georgetown,MY,2022-11-12 14:04:11,5.4112,100.3354,81.23,88,40,2.3,scattered clouds
14,Nikolskoye,RU,2022-11-12 14:02:56,59.7035,30.7861,53.49,70,1,18.32,clear sky
15,Te Anau,NZ,2022-11-12 14:07:56,-45.4167,167.7167,45.19,79,76,1.68,broken clouds
16,Bulungu,CD,2022-11-12 14:07:56,-4.55,18.6,83.91,58,61,4.16,light rain
17,Talnakh,RU,2022-11-12 14:04:15,69.4865,88.3972,-27.4,99,61,2.33,broken clouds
18,Pangai,TO,2022-11-12 14:07:57,-19.8,-174.35,78.48,81,29,6.42,light rain
19,Tasiilaq,GL,2022-11-12 14:07:57,65.6145,-37.6368,35.76,80,100,33.15,overcast clouds
20,Mataura,NZ,2022-11-12 14:02:56,-46.1927,168.8643,43.65,94,78,2.57,broken clouds
21,Ostrovnoy,RU,2022-11-12 14:07:57,68.0531,39.5131,36.19,96,100,18.72,light rain
22,Punta Arenas,CL,2022-11-12 14:01:47,-53.15,-70.9167,46.11,70,10,10.67,clear sky
23,Kapuskasing,CA,2022-11-12 14:06:09,49.4169,-82.4331,22.1,92,100,12.15,light snow
24,Moshenskoye,RU,2022-11-12 14:07:58,58.5102,34.5911,53.24,74,100,19.66,overcast clouds
25,Carnarvon,AU,2022-11-12 14:04:02,-24.8667,113.6333,66.79,60,0,28.1,clear sky
26,Castro,BR,2022-11-12 14:03:01,-24.7911,-50.0119,75.34,58,10,4.72,clear sky
27,Busselton,AU,2022-11-12 14:04:13,-33.65,115.3333,53.01,82,81,9.95,broken clouds
28,Sassandra,CI,2022-11-12 14:07:58,4.95,-6.0833,83.21,71,92,6.15,light rain
29,Vila Velha,BR,2022-11-12 14:07:59,-20.3297,-40.2925,80.55,77,40,10.36,scattered clouds
30,Half Moon Bay,US,2022-11-12 14:07:59,37.4636,-122.4286,51.1,92,20,4.61,few clouds
31,Hermanus,ZA,2022-11-12 14:05:22,-34.4187,19.2345,69.8,55,0,23.53,clear sky
32,Kirakira,SB,2022-11-12 14:07:59,-10.4544,161.9205,78.46,86,94,4.81,light rain
33,Ust-Nera,RU,2022-11-12 14:07:59,64.5667,143.2,-13.65,97,100,4.05,overcast clouds
34,Bengkulu,ID,2022-11-12 14:05:31,-3.8004,102.2655,76.6,87,100,2.35,overcast clouds
35,Kavieng,PG,2022-11-12 14:08:00,-2.5744,150.7967,81.05,80,100,9.4,light rain
36,Beausejour,CA,2022-11-12 14:08:00,50.0622,-96.5167,1.9,98,74,4.05,broken clouds
37,Rikitea,PF,2022-11-12 14:02:49,-23.1203,-134.9692,73.51,86,100,15.52,overcast clouds
38,Airai,TL,2022-11-12 14:08:00,-8.9266,125.4092,63.59,94,100,0.54,overcast clouds
39,Hithadhoo,MV,2022-11-12 14:05:30,-0.6,73.0833,81.93,72,17,15.84,few clouds
40,Bandar-E Lengeh,IR,2022-11-12 14:08:01,26.5579,54.8807,83.07,64,7,4.65,clear sky
41,Sinnamary,GF,2022-11-12 14:08:01,5.3833,-52.95,83.03,71,62,6.73,moderate rain
42,Rupert,US,2022-11-12 14:08:01,42.6191,-113.6772,19.35,86,0,13.8,clear sky
43,Thompson,CA,2022-11-12 14:00:43,55.7435,-97.8558,-23.64,69,100,0.0,fog
44,Saint-Philippe,RE,2022-11-12 14:05:24,-21.3585,55.7679,78.39,68,9,7.9,clear sky
45,Qaanaaq,GL,2022-11-12 14:02:57,77.484,-69.3632,-1.28,65,5,6.64,clear sky
46,Whyalla,AU,2022-11-12 14:08:02,-33.0333,137.5833,66.09,88,100,9.22,haze
47,Bambous Virieux,MU,2022-11-12 14:09:02,-20.3428,57.7575,76.21,60,0,9.51,clear sky
48,Havoysund,NO,2022-11-12 14:09:02,70.9963,24.6622,43.03,79,100,23.82,overcast clouds
49,Port Alfred,ZA,2022-11-12 14:04:15,-33.5906,26.891,75.49,82,93,8.5,moderate rain
50,Cam Ranh,VN,2022-11-12 14:09:03,11.9214,109.1591,75.16,100,75,2.3,broken clouds
51,Nador,MA,2022-11-12 14:09:03,35.174,-2.9287,77.25,53,0,10.36,clear sky
52,Ribeira Grande,PT,2022-11-12 14:09:03,38.5167,-28.7,65.77,68,75,17.27,broken clouds
53,Churachandpur,IN,2022-11-12 14:09:04,24.3333,93.6667,57.72,89,2,0.65,clear sky
54,Zonguldak,TR,2022-11-12 14:09:04,41.25,31.8333,54.45,61,0,3.4,clear sky
55,Pacific Grove,US,2022-11-12 14:07:20,36.6177,-121.9166,47.64,82,20,5.75,few clouds
56,Isangel,VU,2022-11-12 14:09:04,-19.55,169.2667,77.85,83,100,3.42,overcast clouds
57,Songwa,TZ,2022-11-12 14:09:05,-3.5167,33.5167,77.31,59,82,13.09,broken clouds
58,Asau,RO,2022-11-12 14:09:05,46.4333,26.4,54.52,58,99,1.88,overcast clouds
59,Butaritari,KI,2022-11-12 14:05:25,3.0707,172.7902,80.49,76,56,14.76,broken clouds
60,Provideniya,RU,2022-11-12 14:09:05,64.3833,-173.3,14.43,76,6,9.84,clear sky
61,Swan River,CA,2022-11-12 14:09:06,52.1058,-101.2676,-1.28,99,55,1.54,broken clouds
62,Albany,US,2022-11-12 13:58:24,42.6001,-73.9662,61.95,84,100,4.0,overcast clouds
63,Sarab,IR,2022-11-12 14:09:06,38.6066,44.9883,50.52,57,2,3.98,clear sky
64,Chokurdakh,RU,2022-11-12 14:09:06,70.6333,147.9167,-28.08,100,100,5.61,overcast clouds
65,Vao,NC,2022-11-12 14:06:16,-22.6667,167.4833,73.15,82,100,20.6,overcast clouds
66,Mahebourg,MU,2022-11-12 14:09:07,-20.4081,57.7,76.24,61,0,8.84,clear sky
67,Cape Town,ZA,2022-11-12 14:00:05,-33.9258,18.4232,74.12,67,7,8.99,clear sky
68,Kapaa,US,2022-11-12 14:06:38,22.0752,-159.319,74.1,70,75,19.57,broken clouds
69,Hobart,AU,2022-11-12 14:02:27,-42.8794,147.3294,48.25,87,100,0.0,overcast clouds
70,Pochutla,MX,2022-11-12 14:09:07,15.7432,-96.4661,76.82,75,70,2.68,broken clouds
71,La Ronge,CA,2022-11-12 14:09:08,55.1001,-105.2842,8.8,95,98,10.07,overcast clouds
72,Egvekinot,RU,2022-11-12 14:09:08,66.3167,-179.1667,-2.25,86,4,6.71,clear sky
73,Puerto Ayora,EC,2022-11-12 14:03:01,-0.7393,-90.3518,69.55,85,97,8.01,overcast clouds
74,Muriti,TZ,2022-11-12 14:09:08,-1.9833,32.9167,71.56,70,100,12.62,overcast clouds
75,Vallenar,CL,2022-11-12 14:09:08,-28.5708,-70.7581,68.11,42,86,6.15,overcast clouds
76,Spencer,US,2022-11-12 14:05:27,43.1414,-95.1444,23.11,79,100,14.97,overcast clouds
77,Palauig,PH,2022-11-12 14:09:09,15.435,119.9045,82.02,78,7,4.12,clear sky
78,Kodiak,US,2022-11-12 14:05:25,57.79,-152.4072,42.31,81,75,9.22,broken clouds
79,Zalari,RU,2022-11-12 14:09:09,53.5584,102.5065,22.53,80,100,2.93,overcast clouds
80,Husavik,IS,2022-11-12 14:05:26,66.0449,-17.3389,39.27,82,15,6.13,few clouds
81,Praia Da Vitoria,PT,2022-11-12 14:09:10,38.7333,-27.0667,64.76,80,100,19.46,overcast clouds
82,Noumea,NC,2022-11-12 14:09:10,-22.2763,166.4572,77.0,99,100,14.23,overcast clouds
83,Jamestown,US,2022-11-12 13:57:55,42.097,-79.2353,44.24,77,100,10.36,overcast clouds
84,Coquimbo,CL,2022-11-12 14:02:05,-29.9533,-71.3436,61.88,65,100,4.29,light rain
85,Jalingo,NG,2022-11-12 14:09:11,8.8833,11.3667,97.56,18,2,8.68,clear sky
86,Popondetta,PG,2022-11-12 14:09:11,-8.7537,148.2534,75.09,94,100,1.92,heavy intensity rain
87,Torbay,CA,2022-11-12 14:09:11,47.6666,-52.7314,38.26,96,100,9.22,mist
88,Pisco,PE,2022-11-12 14:05:11,-13.7,-76.2167,65.01,82,75,6.91,mist
89,Romans-Sur-Isere,FR,2022-11-12 14:10:12,45.0464,5.0562,64.56,88,100,1.97,overcast clouds
90,Dingle,PH,2022-11-12 14:05:31,10.9995,122.6711,77.18,90,6,6.69,clear sky
91,Saldanha,ZA,2022-11-12 14:10:12,-33.0117,17.9442,66.92,71,0,14.85,clear sky
92,Sao Gabriel Da Cachoeira,BR,2022-11-12 14:10:13,-0.1303,-67.0892,82.49,78,100,1.43,overcast clouds
93,Atuona,PF,2022-11-12 14:02:53,-9.8,-139.0333,77.74,74,2,17.22,clear sky
94,Yulara,AU,2022-11-12 14:10:13,-25.2406,130.9889,79.21,29,0,16.69,clear sky
95,Upernavik,GL,2022-11-12 14:04:11,72.7868,-56.1549,11.32,80,67,10.6,broken clouds
96,Chuy,UY,2022-11-12 14:02:59,-33.6971,-53.4616,74.53,59,3,10.54,clear sky
97,Matagami,CA,2022-11-12 14:00:17,49.7502,-77.6328,24.91,93,100,11.5,overcast clouds
98,Bluff,NZ,2022-11-12 14:02:55,-46.6,168.3333,50.74,88,91,6.85,overcast clouds
99,Cervo,ES,2022-11-12 14:10:14,43.6702,-7.4101,69.96,57,71,5.48,broken clouds
100,Hundested,DK,2022-11-12 14:10:14,55.9667,11.8667,58.35,90,99,4.0,overcast clouds
101,Padang,ID,2022-11-12 14:10:14,-0.9492,100.3543,77.05,87,100,1.32,overcast clouds
102,Mutsu,JP,2022-11-12 14:10:14,41.2894,141.2169,51.87,76,99,4.99,overcast clouds
103,Kedungwaru,ID,2022-11-12 14:10:15,-8.0667,111.9167,76.33,94,100,3.2,overcast clouds
104,Leningradskiy,RU,2022-11-12 14:10:15,69.3833,178.4167,-12.86,96,66,4.59,broken clouds
105,Vangaindrano,MG,2022-11-12 14:10:15,-23.35,47.6,78.17,61,0,8.28,clear sky
106,Vaini,TO,2022-11-12 14:04:03,-21.2,-175.2,73.56,100,40,2.3,scattered clouds
107,Saint George,US,2022-11-12 14:10:16,37.1041,-113.5841,34.39,64,0,0.0,clear sky
108,Kidal,ML,2022-11-12 14:10:16,18.4411,1.4078,90.34,12,92,16.69,overcast clouds
109,Yellowknife,CA,2022-11-12 14:04:11,62.456,-114.3525,10.67,98,70,5.46,broken clouds
110,Moose Factory,CA,2022-11-12 14:10:16,51.2585,-80.6094,26.58,86,100,13.8,overcast clouds
111,Moree,AU,2022-11-12 14:10:17,-29.4667,149.85,71.87,68,67,9.73,broken clouds
112,Kaitangata,NZ,2022-11-12 14:10:17,-46.2817,169.8464,45.88,69,74,4.68,broken clouds
113,Fairbanks,US,2022-11-12 14:06:42,64.8378,-147.7164,17.94,86,20,0.0,few clouds
114,Nushki,PK,2022-11-12 14:10:17,29.5542,66.0215,67.28,29,93,2.15,overcast clouds
115,Mokhsogollokh,RU,2022-11-12 14:10:18,61.4681,128.9203,13.95,95,100,5.84,light snow
116,Gairo,IT,2022-11-12 14:10:18,39.8497,9.5047,61.18,56,99,4.47,overcast clouds
117,San Ramon De La Nueva Oran,AR,2022-11-12 14:08:43,-23.1322,-64.326,91.42,37,0,3.6,clear sky
118,Chenzhou,CN,2022-11-12 14:10:18,25.8,113.0333,73.63,55,0,3.09,clear sky
119,Bathsheba,BB,2022-11-12 14:10:19,13.2167,-59.5167,86.61,70,20,8.05,few clouds
120,Salalah,OM,2022-11-12 14:10:19,17.0151,54.0924,81.07,58,0,6.58,clear sky
121,Cururupu,BR,2022-11-12 14:10:19,-1.8283,-44.8683,83.86,66,97,5.99,overcast clouds
122,Pevek,RU,2022-11-12 14:06:41,69.7008,170.3133,-12.35,96,100,2.86,overcast clouds
123,Esperance,AU,2022-11-12 14:04:13,-33.8667,121.9,58.12,82,100,20.92,overcast clouds
124,Bredasdorp,ZA,2022-11-12 14:02:51,-34.5322,20.0403,79.14,30,0,25.72,clear sky
125,Yerofey Pavlovich,RU,2022-11-12 14:10:21,53.9667,121.9667,5.74,95,5,2.19,clear sky
126,Atambua,ID,2022-11-12 14:10:21,-9.1061,124.8925,76.98,85,100,1.16,overcast clouds
127,Derzhavinsk,KZ,2022-11-12 14:10:22,51.1,66.3167,37.56,76,100,24.72,overcast clouds
128,Salina Cruz,MX,2022-11-12 14:07:01,16.1667,-95.2,80.11,78,32,2.04,scattered clouds
129,Kieta,PG,2022-11-12 14:10:22,-6.2167,155.6333,78.48,88,100,3.24,light rain
130,Guerrero Negro,MX,2022-11-12 14:10:22,27.9769,-114.0611,58.42,58,29,4.07,scattered clouds
131,Lorengau,PG,2022-11-12 14:10:23,-2.0226,147.2712,79.61,85,99,5.41,overcast clouds
132,Sarankhola,BD,2022-11-12 14:10:23,22.3082,89.7897,71.01,68,6,4.32,clear sky
133,Yumen,CN,2022-11-12 14:11:23,40.2833,97.2,34.95,41,80,13.02,broken clouds
134,Ilovlya,RU,2022-11-12 14:08:16,49.3033,43.9796,44.35,81,100,14.54,overcast clouds
135,Kiama,AU,2022-11-12 14:11:24,-34.6833,150.8667,66.0,93,75,2.24,light rain
136,Uzyn,UA,2022-11-12 14:11:24,49.8262,30.4149,50.99,66,58,11.21,broken clouds
137,Port Blair,IN,2022-11-12 14:11:24,11.6667,92.75,81.23,80,100,8.3,overcast clouds
138,Bosaso,SO,2022-11-12 14:11:25,11.2842,49.1816,80.64,71,24,12.15,few clouds
139,Pangnirtung,CA,2022-11-12 14:11:25,66.1451,-65.7125,-6.5,92,47,5.97,scattered clouds
140,Sitka,US,2022-11-12 14:11:25,57.0531,-135.33,42.69,75,100,13.8,light rain
141,Idlib,SY,2022-11-12 14:11:26,35.9306,36.6339,67.68,41,0,8.48,clear sky
142,Batamshinskiy,KZ,2022-11-12 14:11:26,50.5594,58.2747,33.93,87,100,26.22,overcast clouds
143,Chumikan,RU,2022-11-12 14:11:26,54.7183,135.315,11.48,88,38,17.4,scattered clouds
144,Venado Tuerto,AR,2022-11-12 14:11:14,-33.7456,-61.9688,66.76,80,100,8.84,moderate rain
145,Long Xuyen,VN,2022-11-12 14:11:26,10.3833,105.4167,75.15,81,99,2.26,overcast clouds
146,Ryotsu,JP,2022-11-12 14:11:27,38.0833,138.4333,62.11,66,78,7.31,broken clouds
147,Faanui,PF,2022-11-12 14:11:27,-16.4833,-151.75,77.52,79,100,9.73,overcast clouds
148,Sinop,TR,2022-11-12 14:11:27,41.7711,34.8709,51.17,84,2,3.96,clear sky
149,Svetlyy,RU,2022-11-12 14:11:28,54.675,20.1347,55.45,89,100,12.53,overcast clouds
150,Whitehorse,CA,2022-11-12 14:09:16,60.7161,-135.0538,20.48,95,100,6.89,overcast clouds
151,Aripuana,BR,2022-11-12 14:11:28,-9.1667,-60.6333,87.37,54,100,1.97,overcast clouds
152,Port Lincoln,AU,2022-11-12 14:11:28,-34.7333,135.8667,60.89,84,91,18.9,overcast clouds
153,Araouane,ML,2022-11-12 14:11:28,18.9048,-3.5265,91.85,8,94,6.44,overcast clouds
154,Opuwo,NA,2022-11-12 14:11:29,-18.0607,13.84,88.57,8,4,17.0,clear sky
155,Mayo,US,2022-11-12 14:11:29,38.8876,-76.5119,67.17,71,0,9.22,clear sky
156,Sao Joao Da Barra,BR,2022-11-12 14:11:29,-21.6403,-41.0511,80.69,81,100,13.4,light rain
157,Kalininsk,RU,2022-11-12 14:11:30,51.5,44.4758,45.43,81,100,20.29,overcast clouds
158,Brandon,US,2022-11-12 14:11:30,27.9378,-82.2859,76.08,96,0,3.0,mist
159,Lata,PT,2022-11-12 14:11:30,40.1629,-8.3327,73.49,51,10,6.76,clear sky
160,Vanavara,RU,2022-11-12 14:11:30,60.34,102.2797,23.31,88,100,10.31,overcast clouds
161,Mar Del Plata,AR,2022-11-12 14:07:52,-38.0023,-57.5575,77.83,86,75,12.66,broken clouds
162,Shizukuishi,JP,2022-11-12 14:11:31,39.6833,140.9833,51.08,94,85,1.92,overcast clouds
163,Asosa,ET,2022-11-12 14:11:31,10.0667,34.5333,73.04,56,100,3.47,overcast clouds
164,Caravelas,BR,2022-11-12 14:11:31,-17.7125,-39.2481,85.35,54,95,8.97,overcast clouds
165,Hilo,US,2022-11-12 13:58:32,19.7297,-155.09,69.24,93,49,5.01,scattered clouds
166,San Patricio,US,2022-11-12 14:11:32,28.017,-97.5169,49.84,53,81,16.11,broken clouds
167,Teeli,RU,2022-11-12 14:11:32,51.0333,90.2333,9.36,88,100,0.72,overcast clouds
168,Fortuna,US,2022-11-12 14:03:53,40.5982,-124.1573,43.36,99,100,10.36,overcast clouds
169,Grand Gaube,MU,2022-11-12 14:11:32,-20.0064,57.6608,76.37,60,14,7.0,few clouds
170,Pionerskiy,RU,2022-11-12 14:11:33,54.9508,20.2275,55.24,86,99,16.84,overcast clouds
171,Inhambane,MZ,2022-11-12 14:11:33,-23.865,35.3833,84.18,65,40,11.5,scattered clouds
172,Dukat,RU,2022-11-12 14:11:33,62.55,155.55,-22.07,99,19,2.71,few clouds
173,Sioux Lookout,CA,2022-11-12 14:11:17,50.1001,-91.917,10.76,96,100,6.26,overcast clouds
174,Parrita,CR,2022-11-12 14:11:33,9.5201,-84.3225,78.98,81,100,1.07,overcast clouds
175,Port Hardy,CA,2022-11-12 14:11:34,50.6996,-127.4199,37.62,87,41,3.36,scattered clouds
176,Hofn,IS,2022-11-12 14:11:34,64.2539,-15.2082,45.32,82,29,11.59,scattered clouds
177,Sangmelima,CM,2022-11-12 14:11:34,2.9333,11.9833,80.4,68,64,3.18,light rain
178,Flinders,AU,2022-11-12 14:11:35,-34.5833,150.8552,63.37,90,65,2.46,broken clouds
179,Kahului,US,2022-11-12 14:10:23,20.8947,-156.47,75.85,79,75,6.91,broken clouds
180,Ambilobe,MG,2022-11-12 14:11:35,-13.2,49.05,81.73,67,17,9.4,light rain
181,Khandyga,RU,2022-11-12 14:11:35,62.6667,135.6,-17.46,100,99,4.36,overcast clouds
182,Manacor,ES,2022-11-12 14:12:35,39.5696,3.2096,74.34,72,1,9.44,clear sky
183,Ancud,CL,2022-11-12 14:12:36,-41.8697,-73.8203,54.45,91,99,3.49,light rain
184,Cape Canaveral,US,2022-11-12 14:10:21,28.4058,-80.6048,76.06,89,0,5.75,clear sky
185,Qostanay,KZ,2022-11-12 14:12:36,53.1667,63.5833,39.49,87,0,17.9,clear sky
186,Tilichiki,RU,2022-11-12 14:12:36,60.4667,166.1,16.02,89,100,6.93,overcast clouds
187,Zamora,EC,2022-11-12 14:12:37,-4.0692,-78.9567,78.84,65,99,0.54,overcast clouds
188,Graciano Sanchez,MX,2022-11-12 14:12:37,23.9167,-99.2833,61.75,76,98,13.04,overcast clouds
189,Ilulissat,GL,2022-11-12 14:12:37,69.2167,-51.1,14.02,73,40,2.3,scattered clouds
190,Cidreira,BR,2022-11-12 14:04:07,-30.1811,-50.2056,72.61,77,53,9.08,broken clouds
191,Catuday,PH,2022-11-12 14:12:37,16.2923,119.8062,81.16,78,3,8.46,clear sky
192,Athens,GR,2022-11-12 14:08:48,37.9795,23.7162,61.38,73,75,9.22,broken clouds
193,Nalut,LY,2022-11-12 14:12:38,30.3333,10.85,71.29,30,2,3.24,clear sky
194,Marsh Harbour,BS,2022-11-12 14:12:38,26.5412,-77.0636,80.17,72,2,4.16,clear sky
195,Kruisfontein,ZA,2022-11-12 14:06:34,-34.0033,24.7314,66.85,79,51,22.3,broken clouds
196,Magadan,RU,2022-11-12 14:12:39,59.5667,150.8,-0.9,80,15,7.63,few clouds
197,Victoria,HK,2022-11-12 14:01:38,22.2855,114.1577,77.32,85,0,8.99,clear sky
198,Cabo San Lucas,MX,2022-11-12 14:04:08,22.8909,-109.9124,69.06,69,70,4.92,broken clouds
199,Hasaki,JP,2022-11-12 14:12:39,35.7333,140.8333,57.22,77,3,11.36,clear sky
200,Nouadhibou,MR,2022-11-12 14:12:40,20.931,-17.0347,71.17,72,2,8.75,clear sky
201,Hualmay,PE,2022-11-12 14:12:40,-11.0964,-77.6139,66.56,77,53,7.45,broken clouds
202,Ust-Ishim,RU,2022-11-12 14:12:40,57.6935,71.1665,33.76,99,100,3.91,overcast clouds
203,Nanortalik,GL,2022-11-12 14:12:41,60.1432,-45.2371,29.62,77,54,1.57,broken clouds
204,Los Llanos De Aridane,ES,2022-11-12 14:02:53,28.6585,-17.9182,71.35,75,75,4.61,broken clouds
205,Haines Junction,CA,2022-11-12 14:12:41,60.7522,-137.5108,21.27,95,89,5.5,overcast clouds
206,Edson,CA,2022-11-12 14:12:42,53.5835,-116.4356,28.51,97,100,3.44,light snow
207,Remanso,BR,2022-11-12 14:12:42,-9.6179,-42.0831,86.68,51,22,11.07,few clouds
208,Zhigansk,RU,2022-11-12 14:12:42,66.7697,123.3711,3.43,95,100,16.28,light snow
209,Lavrentiya,RU,2022-11-12 14:12:42,65.5833,-171.0,15.48,80,3,13.11,clear sky
210,Portland,US,2022-11-12 14:11:16,45.5234,-122.6762,42.82,74,75,8.05,broken clouds
211,Barrow,US,2022-11-12 14:01:02,71.2906,-156.7887,1.42,85,40,8.05,mist
212,Norman Wells,CA,2022-11-12 14:04:07,65.282,-126.8329,17.58,89,100,9.62,overcast clouds
213,Csongrad,HU,2022-11-12 14:12:43,46.7133,20.1424,58.14,87,64,3.47,broken clouds
214,Tiksi,RU,2022-11-12 14:04:03,71.6872,128.8694,-18.69,100,84,3.42,broken clouds
215,Sainte-Maxime,FR,2022-11-12 14:12:43,43.3,6.6333,69.93,69,100,2.91,overcast clouds
216,Shache,CN,2022-11-12 14:12:44,38.4167,77.2406,44.62,29,92,5.08,overcast clouds
217,Savonlinna,FI,2022-11-12 14:12:44,61.8699,28.88,50.05,62,40,21.85,scattered clouds
218,Kralendijk,BQ,2022-11-12 14:12:44,12.15,-68.2667,76.98,100,75,9.22,broken clouds
219,Jinxiang,CN,2022-11-12 14:12:44,27.4327,120.6062,69.64,93,2,3.71,clear sky
220,Sala Consilina,IT,2022-11-12 14:12:45,40.3912,15.5989,52.57,81,100,4.68,overcast clouds
221,Porbandar,IN,2022-11-12 14:12:45,21.6422,69.6093,83.44,45,6,6.87,clear sky
222,La Asuncion,VE,2022-11-12 14:12:45,11.0333,-63.8628,82.26,75,80,12.08,broken clouds
223,Itaituba,BR,2022-11-12 14:12:46,-4.2761,-55.9836,96.15,34,100,3.2,overcast clouds
224,Saint-Joseph,RE,2022-11-12 14:12:46,-21.3667,55.6167,77.38,69,7,7.14,clear sky
225,Rabo De Peixe,PT,2022-11-12 14:12:46,37.8,-25.5833,66.27,96,75,20.71,broken clouds
226,Khatanga,RU,2022-11-12 14:02:54,71.9667,102.5,-23.6,97,99,7.52,overcast clouds
227,Kautokeino,NO,2022-11-12 14:12:46,69.0125,23.0412,34.23,98,100,18.05,snow
228,Kavaratti,IN,2022-11-12 14:12:47,10.5669,72.642,79.05,81,100,9.75,light rain
229,Sao Filipe,CV,2022-11-12 14:12:47,14.8961,-24.4956,77.27,74,100,7.05,overcast clouds
230,Umm Kaddadah,SD,2022-11-12 14:13:47,13.6017,26.6876,86.92,16,20,12.08,few clouds
231,Nioro,GM,2022-11-12 14:13:48,13.35,-15.75,93.94,18,39,3.65,scattered clouds
232,Baculin,PH,2022-11-12 14:13:48,7.4525,126.5842,79.07,82,34,5.06,scattered clouds
233,Nabire,ID,2022-11-12 14:13:48,-3.3667,135.4833,76.1,92,100,3.78,overcast clouds
234,Lebu,CL,2022-11-12 14:13:48,-37.6167,-73.65,57.79,72,100,12.84,light rain
235,Muros,ES,2022-11-12 14:13:49,42.7762,-9.0603,72.68,55,100,6.78,overcast clouds
236,Henties Bay,NA,2022-11-12 14:13:49,-22.116,14.2845,64.13,67,0,15.14,clear sky
237,Russell,US,2022-11-12 14:13:49,32.3502,-85.1999,64.0,100,100,4.61,mist
238,Carlisle,US,2022-11-12 14:13:50,40.2015,-77.1889,62.64,72,100,12.71,overcast clouds
239,Dhidhdhoo,MV,2022-11-12 14:13:50,6.8833,73.1,82.08,74,100,10.47,overcast clouds
240,Salinopolis,BR,2022-11-12 14:04:06,-0.6136,-47.3561,83.28,75,45,9.46,scattered clouds
241,Bethel,US,2022-11-12 14:04:05,41.3712,-73.414,69.19,81,89,10.0,overcast clouds
242,Farah,AF,2022-11-12 14:13:21,32.5,62.5,66.0,27,100,1.7,overcast clouds
243,Hoogstraten,BE,2022-11-12 14:13:51,51.4021,4.7618,62.1,77,44,1.99,scattered clouds
244,Sao Miguel Do Araguaia,BR,2022-11-12 14:13:51,-13.275,-50.1628,90.57,45,99,2.17,light rain
245,Sembe,CG,2022-11-12 14:13:52,1.6481,14.5806,83.44,64,77,3.2,light rain
246,Gaya,IN,2022-11-12 14:13:52,24.7833,85.0,70.09,38,7,6.31,clear sky
247,Port Moresby,PG,2022-11-12 14:13:52,-9.4431,147.1797,76.96,88,50,10.27,scattered clouds
248,Sorland,NO,2022-11-12 14:13:52,67.667,12.6934,46.26,73,37,21.54,scattered clouds
249,Isla Mujeres,MX,2022-11-12 14:13:53,21.2311,-86.731,78.85,65,0,2.42,clear sky
250,Kyshtovka,RU,2022-11-12 14:13:53,56.555,76.6271,33.06,99,100,9.37,light snow
251,Balkanabat,TM,2022-11-12 14:13:53,39.5108,54.3671,54.61,50,12,1.74,few clouds
252,Khash,IR,2022-11-12 14:13:54,28.2211,61.2158,69.57,36,50,13.76,scattered clouds
253,Jieshou,CN,2022-11-12 14:13:54,33.2634,115.3611,53.22,57,100,12.21,overcast clouds
254,Arraial Do Cabo,BR,2022-11-12 14:13:54,-22.9661,-42.0278,80.46,78,40,10.36,scattered clouds
255,Port Hedland,AU,2022-11-12 14:13:54,-20.3167,118.5667,75.25,64,0,10.36,clear sky
256,Avarua,CK,2022-11-12 14:13:55,-21.2078,-159.775,71.65,73,60,10.36,broken clouds
257,Oyama,JP,2022-11-12 14:13:55,36.3,139.8,67.59,74,49,1.61,scattered clouds
258,Lompoc,US,2022-11-12 14:13:55,34.6391,-120.4579,56.79,100,0,3.44,clear sky
259,Saint Anthony,US,2022-11-12 14:06:45,45.0205,-93.218,28.35,70,100,14.97,overcast clouds
260,Ola,RU,2022-11-12 14:13:55,59.5833,151.2833,-3.78,91,15,9.69,few clouds
261,Partizanskoye,RU,2022-11-12 14:13:56,55.5006,94.39,31.57,68,91,15.12,overcast clouds
262,Batagay,RU,2022-11-12 14:13:56,67.6333,134.6333,-22.56,100,94,1.52,overcast clouds
263,Vagur,FO,2022-11-12 14:13:56,61.4732,-6.8119,48.47,86,100,11.86,overcast clouds
264,Cockburn Town,TC,2022-11-12 14:13:57,21.4612,-71.1419,81.75,76,8,14.58,clear sky
265,East London,ZA,2022-11-12 14:05:17,-33.0153,27.9116,76.14,78,40,4.61,thunderstorm
266,Pacifica,US,2022-11-12 14:09:47,37.6138,-122.4869,50.13,92,75,4.61,broken clouds
267,Korla,CN,2022-11-12 14:13:57,41.7597,86.1469,38.48,50,13,2.26,few clouds
268,Canto Do Buriti,BR,2022-11-12 14:13:57,-8.11,-42.9444,96.37,31,28,7.05,scattered clouds
269,Kodinsk,RU,2022-11-12 14:13:58,58.6881,99.1844,27.82,95,100,8.5,light snow
270,Nara,JP,2022-11-12 14:13:58,34.6851,135.8049,62.49,60,0,3.51,clear sky
271,Sursk,RU,2022-11-12 14:13:58,53.0754,45.6846,44.01,91,100,17.74,overcast clouds
272,Watsa,CD,2022-11-12 14:13:58,3.0372,29.5355,65.57,97,100,0.58,overcast clouds
273,Goderich,CA,2022-11-12 14:13:00,43.7501,-81.7165,43.92,61,100,15.84,overcast clouds
274,Meulaboh,ID,2022-11-12 14:13:59,4.1363,96.1285,75.79,92,100,3.2,light rain
275,Varhaug,NO,2022-11-12 14:13:59,58.6147,5.6457,56.79,82,24,2.3,few clouds
276,Tuktoyaktuk,CA,2022-11-12 14:05:28,69.4541,-133.0374,20.41,89,100,15.59,overcast clouds
277,Orbetello,IT,2022-11-12 14:14:59,42.4408,11.2196,65.43,51,100,4.72,overcast clouds
278,San Andres,CO,2022-11-12 14:14:59,12.5847,-81.7006,86.02,74,20,4.61,few clouds
279,Severo-Yeniseyskiy,RU,2022-11-12 14:15:00,60.3725,93.0408,22.06,95,100,5.48,light snow
280,Hot Springs,US,2022-11-12 14:11:45,34.5037,-93.0552,37.8,78,20,4.0,few clouds
281,Isla Vista,US,2022-11-12 14:15:00,34.4133,-119.861,57.02,65,0,0.0,clear sky
282,Asfi,MA,2022-11-12 14:15:00,32.2994,-9.2372,70.79,51,9,6.29,clear sky
283,Eisenerz,AT,2022-11-12 14:15:01,47.5333,14.8833,59.07,57,98,2.39,overcast clouds
284,Rock Sound,BS,2022-11-12 14:15:01,24.9,-76.2,80.94,73,100,1.52,overcast clouds
285,Krutinka,RU,2022-11-12 14:15:01,56.0055,71.5113,33.6,99,100,10.18,light snow
286,Tripoli,LY,2022-11-12 14:14:54,32.8752,13.1875,71.06,54,0,7.63,clear sky
287,Touros,BR,2022-11-12 14:15:02,-5.1989,-35.4608,85.57,59,37,11.27,scattered clouds
288,Angoche,MZ,2022-11-12 14:15:02,-16.2325,39.9086,83.43,63,0,12.08,clear sky
289,Naraini,IN,2022-11-12 14:15:02,25.1833,80.4833,70.9,38,0,2.84,clear sky
290,Abaete,BR,2022-11-12 14:15:03,-19.16,-45.4458,82.26,52,94,4.94,overcast clouds
291,Roma,US,2022-11-12 14:10:56,43.2128,-75.4557,54.52,95,100,13.8,mist
292,Ottawa,CA,2022-11-12 14:15:03,45.4112,-75.6981,55.24,93,100,3.0,overcast clouds
293,Pantai Remis,MY,2022-11-12 14:15:04,4.4557,100.6288,77.94,90,100,0.94,moderate rain
294,Makakilo City,US,2022-11-12 14:15:04,21.3469,-158.0858,73.72,64,100,8.05,overcast clouds
295,Polunochnoye,RU,2022-11-12 14:15:04,60.8697,60.4153,18.97,95,100,4.23,light snow
296,Mahajanga,MG,2022-11-12 14:15:05,-15.7167,46.3167,82.42,78,40,16.11,scattered clouds
297,Kalmunai,LK,2022-11-12 14:15:05,7.4167,81.8167,77.97,87,100,8.66,moderate rain
298,Serik,TR,2022-11-12 14:15:05,36.9169,31.0989,73.65,36,0,6.87,clear sky
299,Ilebo,CD,2022-11-12 14:15:06,-4.3167,20.5833,85.41,50,98,1.88,overcast clouds
300,Pietarsaari,FI,2022-11-12 14:15:06,63.65,22.6833,48.99,67,5,27.04,clear sky
301,Visby,SE,2022-11-12 14:15:06,57.6409,18.296,57.06,94,0,9.22,clear sky
302,Parakai,NZ,2022-11-12 14:15:07,-36.65,174.4333,61.72,93,43,8.7,scattered clouds
303,Karratha,AU,2022-11-12 14:15:07,-20.7377,116.8463,75.81,59,0,18.19,clear sky
304,Westport,US,2022-11-12 14:14:06,41.1415,-73.3579,70.27,78,20,11.5,few clouds
305,Ballina,AU,2022-11-12 14:15:08,-28.8667,153.5667,69.01,94,100,9.93,overcast clouds
306,Turka,UA,2022-11-12 14:15:08,49.1541,23.0297,47.8,78,56,2.66,broken clouds
307,Mitsamiouli,KM,2022-11-12 14:15:08,-11.3847,43.2844,79.07,71,44,4.5,scattered clouds
308,Raga,SS,2022-11-12 14:15:09,8.4596,25.678,89.82,18,100,6.06,overcast clouds
309,Mananjary,MG,2022-11-12 14:15:09,-21.2167,48.3333,77.76,65,1,9.37,clear sky
310,Hovd,MN,2022-11-12 14:15:09,48.0056,91.6419,19.85,54,6,1.45,clear sky
311,Port-Gentil,GA,2022-11-12 14:15:10,-0.7193,8.7815,80.56,83,75,12.66,broken clouds
312,Pangody,RU,2022-11-12 14:15:10,65.85,74.4859,-7.56,93,98,11.65,overcast clouds
313,Sorong,ID,2022-11-12 14:15:10,-0.8833,131.25,82.63,76,100,5.28,overcast clouds
314,Laibin,CN,2022-11-12 14:15:11,23.7,109.2667,75.94,54,5,3.74,clear sky
315,Vrangel,RU,2022-11-12 14:15:11,42.7297,133.0839,50.49,99,100,0.89,moderate rain
316,Dawson Creek,CA,2022-11-12 14:15:11,55.7666,-120.2362,8.51,96,11,4.5,few clouds
317,Jining,CN,2022-11-12 14:15:12,35.405,116.5814,49.03,64,100,12.77,overcast clouds
318,Naze,JP,2022-11-12 14:15:12,28.3667,129.4833,72.54,89,14,15.14,few clouds
319,Ikom,NG,2022-11-12 14:15:12,5.9667,8.7063,91.27,49,96,2.73,light rain
320,Vestmannaeyjar,IS,2022-11-12 14:05:34,63.4427,-20.2734,47.39,76,0,3.44,clear sky
321,Geraldton,AU,2022-11-12 14:15:12,-28.7667,114.6,61.21,55,0,17.27,clear sky
322,Grindavik,IS,2022-11-12 14:15:13,63.8424,-22.4338,43.27,93,75,8.05,broken clouds
323,Ahuimanu,US,2022-11-12 14:16:13,21.4447,-157.8378,74.91,68,75,6.91,broken clouds
324,Zyryanka,RU,2022-11-12 14:16:13,65.75,150.85,-16.35,98,96,5.64,overcast clouds
325,Staraya Toropa,RU,2022-11-12 14:16:14,56.2801,31.6702,52.41,83,98,17.16,overcast clouds
326,Tommot,RU,2022-11-12 14:12:14,58.9564,126.2925,21.34,70,99,13.73,overcast clouds
327,Ghatampur,IN,2022-11-12 14:16:14,26.1667,80.1667,71.91,40,0,5.75,clear sky
328,Sakakah,SA,2022-11-12 14:16:15,29.9697,40.2064,80.17,46,0,10.69,clear sky
329,Qujing,CN,2022-11-12 14:16:15,25.4833,103.7833,52.75,79,0,5.64,clear sky
330,Nouakchott,MR,2022-11-12 14:11:34,18.0858,-15.9785,94.93,22,98,7.81,overcast clouds
331,Ikwiriri,TZ,2022-11-12 14:16:15,-7.9562,38.9716,87.26,48,20,11.79,few clouds
332,Clyde River,CA,2022-11-12 14:16:15,70.4692,-68.5914,-11.9,94,42,4.52,scattered clouds
333,Cherskiy,RU,2022-11-12 14:16:16,68.75,161.3,-6.05,99,100,3.36,light snow
334,Bubaque,GW,2022-11-12 14:16:16,11.2833,-15.8333,81.07,61,0,2.98,clear sky
335,Waitati,NZ,2022-11-12 14:16:16,-45.75,170.5667,50.81,92,100,2.86,overcast clouds
336,Ushtobe,KZ,2022-11-12 14:16:17,45.2514,77.9838,39.34,50,44,7.52,scattered clouds
337,Komsomolskiy,UZ,2022-11-12 14:06:35,40.4272,71.7189,39.92,87,100,2.3,mist
338,Masalli,KR,2022-11-12 14:16:17,34.7959,126.6553,65.88,96,100,8.3,light rain
339,Krasnogvardeyskiy,RU,2022-11-12 14:16:17,57.3793,62.3195,35.98,99,100,7.02,light rain
340,Narsaq,GL,2022-11-12 14:16:18,60.9167,-46.05,23.22,74,40,8.34,scattered clouds
341,Rawson,AR,2022-11-12 14:06:36,-43.3002,-65.1023,66.54,56,73,21.14,broken clouds
342,Tessalit,ML,2022-11-12 14:16:18,20.1986,1.0114,89.02,11,89,7.47,overcast clouds
343,Pingliang,CN,2022-11-12 14:16:18,35.5392,106.6861,39.6,55,94,0.87,overcast clouds
344,Sterling,US,2022-11-12 14:14:27,39.0062,-77.4286,65.39,70,20,10.36,few clouds
345,Phangnga,TH,2022-11-12 14:16:19,8.4509,98.5298,77.04,92,99,4.07,overcast clouds
346,Nova Olimpia,BR,2022-11-12 14:16:19,-14.7972,-57.2881,91.78,40,97,5.03,overcast clouds
347,Severo-Kurilsk,RU,2022-11-12 14:16:19,50.6789,156.125,33.85,66,77,13.76,broken clouds
348,Port Elizabeth,ZA,2022-11-12 14:16:20,-33.918,25.5701,64.69,88,40,20.71,scattered clouds
349,Lulea,SE,2022-11-12 14:16:20,65.5842,22.1547,46.47,57,0,23.02,clear sky
350,Abha,SA,2022-11-12 14:16:20,18.2164,42.5053,66.02,59,20,11.5,few clouds
351,Ulladulla,AU,2022-11-12 14:16:21,-35.35,150.4667,61.02,95,94,1.1,overcast clouds
352,Chicama,PE,2022-11-12 14:16:21,-7.8447,-79.1469,59.54,74,94,4.88,overcast clouds
353,Iqaluit,CA,2022-11-12 14:16:21,63.7506,-68.5145,8.33,84,75,6.91,light snow
354,Ulaangom,MN,2022-11-12 14:16:22,49.9811,92.0667,19.81,88,40,2.44,scattered clouds
355,Rocky Mount,US,2022-11-12 14:16:22,35.9382,-77.7905,69.96,78,75,9.22,broken clouds
356,Vardo,NO,2022-11-12 14:16:23,70.3705,31.1107,40.98,87,100,24.16,overcast clouds
357,Westlake Village,US,2022-11-12 14:14:31,34.1458,-118.8056,53.13,36,0,4.85,clear sky
358,Irtyshskiy,RU,2022-11-12 14:16:23,58.3333,68.1333,31.1,81,99,5.77,overcast clouds
359,Chipinge,ZW,2022-11-12 14:16:23,-20.1883,32.6236,74.37,61,93,7.58,light rain
360,Chapais,CA,2022-11-12 14:16:24,49.7834,-74.8492,33.58,100,100,4.47,light snow
361,Avera,US,2022-11-12 14:16:24,33.194,-82.5271,63.91,78,8,8.46,clear sky
362,San Carlos De Bariloche,AR,2022-11-12 14:13:01,-41.1456,-71.3082,53.35,62,75,3.44,light rain
363,Acarau,BR,2022-11-12 14:16:25,-2.8856,-40.12,86.47,57,98,14.03,overcast clouds
364,Vila Franca Do Campo,PT,2022-11-12 14:16:25,37.7167,-25.4333,67.19,84,100,16.37,overcast clouds
365,Niort,FR,2022-11-12 14:16:25,46.3333,-0.3333,68.16,78,4,1.99,clear sky
366,Kovdor,RU,2022-11-12 14:16:26,67.5662,30.4758,24.46,99,96,4.03,overcast clouds
367,Show Low,US,2022-11-12 14:16:26,34.2542,-110.0298,37.15,79,0,0.0,clear sky
368,Promissao,BR,2022-11-12 14:16:26,-21.5367,-49.8581,87.53,39,42,3.83,scattered clouds
369,Albi,FR,2022-11-12 14:12:34,43.9298,2.148,73.45,50,18,5.01,few clouds
370,Gat,IL,2022-11-12 14:17:27,31.61,34.7642,79.48,34,0,9.95,clear sky
371,Santiago De Cao,PE,2022-11-12 14:17:27,-7.9589,-79.2392,60.93,94,100,6.91,fog
372,Xuanzhou,CN,2022-11-12 14:17:27,30.9525,118.7553,62.38,70,100,10.89,overcast clouds
373,Hirakud,IN,2022-11-12 14:17:28,21.5167,83.8667,72.46,58,5,1.05,clear sky
374,Maumere,ID,2022-11-12 14:17:28,-8.6199,122.2111,80.92,82,97,3.15,overcast clouds
375,Codrington,AU,2022-11-12 14:17:28,-38.2667,141.9667,54.99,95,100,14.54,overcast clouds
376,South Venice,US,2022-11-12 14:17:28,27.0531,-82.4243,81.05,84,0,6.04,clear sky
377,Bahia Honda,CU,2022-11-12 14:17:29,22.9036,-83.1592,77.52,79,0,1.61,moderate rain
378,Dharchula,IN,2022-11-12 14:17:29,29.85,80.5333,52.59,52,13,7.47,few clouds
379,Sambava,MG,2022-11-12 14:17:29,-14.2667,50.1667,77.32,78,0,13.18,clear sky
380,Dubbo,AU,2022-11-12 14:17:30,-32.25,148.6167,66.33,77,40,11.5,scattered clouds
381,Catalina Foothills,US,2022-11-12 14:17:30,32.2979,-110.9187,53.74,47,0,9.22,clear sky
382,Talcahuano,CL,2022-11-12 14:17:30,-36.7167,-73.1167,60.48,77,75,16.11,broken clouds
383,Taltal,CL,2022-11-12 14:17:12,-25.4,-70.4833,65.46,67,52,6.73,broken clouds
384,Ylojarvi,FI,2022-11-12 14:17:31,61.5563,23.5961,51.78,66,75,17.27,broken clouds
385,Vostok,RU,2022-11-12 14:17:31,46.4856,135.8833,26.85,98,100,4.16,snow
386,Kathmandu,NP,2022-11-12 14:15:19,27.7167,85.3167,59.22,82,20,5.75,few clouds
387,Hwange,ZW,2022-11-12 14:17:32,-18.3693,26.5019,78.21,60,99,8.16,light rain
388,Tinskoy,RU,2022-11-12 14:17:32,56.1525,96.9161,30.56,72,93,8.03,overcast clouds
389,Pyu,MM,2022-11-12 14:17:32,18.4833,96.4333,72.12,80,0,3.87,clear sky
390,Jiexiu,CN,2022-11-12 14:17:33,37.0244,111.9125,45.28,48,100,2.42,overcast clouds
391,Morant Bay,JM,2022-11-12 14:17:33,17.8815,-76.4093,85.62,76,83,7.58,broken clouds
392,Mae Sai,TH,2022-11-12 14:17:33,20.4335,99.8762,66.38,68,0,2.75,clear sky
393,Ponta Do Sol,PT,2022-11-12 14:17:34,32.6667,-17.1,74.03,84,100,2.98,overcast clouds
394,Nadvoitsy,RU,2022-11-12 14:17:34,63.8667,34.3167,42.33,90,100,16.26,overcast clouds
395,Noyabrsk,RU,2022-11-12 14:17:34,63.1994,75.4507,18.91,95,100,16.84,light snow
396,Constitucion,CL,2022-11-12 14:17:35,-35.3333,-72.4167,57.92,79,80,12.26,broken clouds
397,Saskylakh,RU,2022-11-12 14:17:35,71.9167,114.0833,-26.66,100,100,4.12,overcast clouds
398,Goba,ET,2022-11-12 14:17:35,7.0167,39.9833,56.61,71,82,3.58,light rain
399,Biala Podlaska,PL,2022-11-12 14:17:36,52.0324,23.1165,50.32,81,8,9.08,clear sky
400,Teya,RU,2022-11-12 14:17:36,60.3778,92.6267,24.21,96,100,4.14,overcast clouds
401,Srandakan,ID,2022-11-12 14:17:37,-7.9386,110.2506,78.57,87,100,2.19,light rain
402,Itarema,BR,2022-11-12 14:17:37,-2.9248,-39.9167,85.66,59,100,13.6,overcast clouds
403,Samarai,PG,2022-11-12 14:17:38,-10.6167,150.6667,81.01,77,95,13.44,overcast clouds
404,Rocha,UY,2022-11-12 14:17:38,-34.4833,-54.3333,75.13,55,5,9.24,clear sky
405,Whitianga,NZ,2022-11-12 14:17:38,-36.8333,175.7,59.32,94,46,5.57,scattered clouds
406,Kurilsk,RU,2022-11-12 14:17:39,45.2333,147.8833,42.39,79,100,3.27,moderate rain
407,Kitob,UZ,2022-11-12 14:17:39,39.0843,66.8332,47.98,49,5,1.99,clear sky
408,Beringovskiy,RU,2022-11-12 14:17:39,63.05,179.3167,6.64,99,95,12.19,overcast clouds
409,Naron,ES,2022-11-12 14:17:40,43.5167,-8.1528,70.65,54,35,5.73,scattered clouds
410,La Union,PE,2022-11-12 14:17:40,-5.4,-80.75,68.95,68,74,7.83,broken clouds
411,Carutapera,BR,2022-11-12 14:17:40,-1.195,-46.02,81.1,82,72,7.05,broken clouds
412,Trelew,AR,2022-11-12 14:15:44,-43.249,-65.3051,69.84,48,89,20.15,overcast clouds
413,Fontem,CM,2022-11-12 14:17:41,5.4685,9.8818,80.2,59,87,2.13,light rain
414,Gorontalo,ID,2022-11-12 14:17:41,0.5412,123.0595,76.77,95,96,3.67,overcast clouds
415,Lambari,BR,2022-11-12 14:17:41,-21.9756,-45.3503,78.85,53,63,7.65,broken clouds
416,Manta,EC,2022-11-12 14:17:42,-0.95,-80.7333,74.98,73,40,12.66,scattered clouds
417,Bereda,ES,2022-11-12 14:18:42,43.2686,-7.5406,67.14,64,48,5.41,scattered clouds
418,Natchitoches,US,2022-11-12 14:18:42,31.7668,-93.1335,45.45,87,100,12.66,overcast clouds
419,Tazmalt,DZ,2022-11-12 14:18:43,36.3868,4.3989,74.71,35,0,0.4,clear sky
420,Mount Isa,AU,2022-11-12 14:18:43,-20.7333,139.5,74.97,83,90,6.91,overcast clouds
421,Latehar,IN,2022-11-12 14:18:43,23.75,84.5,63.25,53,47,3.33,scattered clouds
422,Longyearbyen,SJ,2022-11-12 14:18:43,78.2186,15.6401,24.64,80,75,8.05,broken clouds
423,Delhi,IN,2022-11-12 14:13:54,28.6667,77.2167,71.69,43,0,3.44,haze
424,Nuuk,GL,2022-11-12 14:18:44,64.1835,-51.7216,25.41,80,75,6.91,broken clouds
425,Loveland,US,2022-11-12 14:16:22,40.3978,-105.075,29.01,75,0,1.01,clear sky
426,Handan,CN,2022-11-12 14:18:44,36.6006,114.4678,48.4,44,2,5.86,clear sky
427,Trairi,BR,2022-11-12 14:18:44,-3.2778,-39.2689,86.68,54,100,11.45,overcast clouds
428,Dargaville,NZ,2022-11-12 14:18:45,-35.9333,173.8833,58.53,93,79,6.96,broken clouds
429,Mutum,BR,2022-11-12 14:18:45,-19.8,-41.4383,72.79,89,100,1.9,overcast clouds
430,Santa Ines,BR,2022-11-12 14:18:45,-3.6667,-45.38,87.08,63,79,3.91,broken clouds
431,Loningen,DE,2022-11-12 14:18:46,52.7333,7.7667,57.22,57,78,2.55,broken clouds
432,Zhangye,CN,2022-11-12 14:18:46,38.9342,100.4517,35.92,41,43,3.98,scattered clouds
433,Catamarca,AR,2022-11-12 14:18:46,-28.4696,-65.7852,80.58,74,88,9.13,overcast clouds
434,Kaliua,TZ,2022-11-12 14:18:47,-5.0606,31.7936,76.77,62,97,6.42,overcast clouds
435,General Roca,AR,2022-11-12 14:18:47,-39.0333,-67.5833,68.63,54,98,8.93,light rain
436,Kutum,SD,2022-11-12 14:18:47,14.2,24.6667,82.31,17,0,9.91,clear sky
437,Graaff-Reinet,ZA,2022-11-12 14:18:47,-32.2522,24.5308,85.26,35,55,18.32,broken clouds
438,Gazojak,TM,2022-11-12 14:18:48,41.1875,61.4036,43.59,33,16,7.34,few clouds
439,Acapulco,MX,2022-11-12 14:16:27,16.8634,-99.8901,76.82,88,0,4.61,clear sky
440,Necochea,AR,2022-11-12 14:18:48,-38.5473,-58.7368,70.48,57,100,3.62,light rain
441,Roald,NO,2022-11-12 14:18:49,62.5833,6.1333,54.91,82,40,12.66,scattered clouds
442,Ca Mau,VN,2022-11-12 14:18:49,9.1769,105.15,76.57,91,93,5.41,overcast clouds
443,Ukiah,US,2022-11-12 14:18:49,39.1502,-123.2078,43.93,95,0,0.0,clear sky
444,Bilma,NE,2022-11-12 14:18:49,18.6853,12.9164,84.27,16,0,3.15,clear sky
445,Boende,CD,2022-11-12 14:18:50,-0.2167,20.8667,82.81,64,89,2.75,overcast clouds
446,Navirai,BR,2022-11-12 14:18:50,-23.065,-54.1906,83.88,57,100,7.02,overcast clouds
447,Kununurra,AU,2022-11-12 14:18:50,-15.7667,128.7333,84.18,70,2,8.05,clear sky
448,Merke,KZ,2022-11-12 14:18:51,42.8728,73.1786,39.31,59,0,5.17,clear sky
449,Coahuayana,MX,2022-11-12 14:18:51,18.7333,-103.6833,73.04,86,3,2.86,clear sky
450,Shar,KZ,2022-11-12 14:18:51,49.5886,81.0453,33.04,95,100,22.64,light snow
451,Saurimo,AO,2022-11-12 14:18:51,-9.6608,20.3916,73.8,76,81,6.87,light rain
452,Candido Mendes,BR,2022-11-12 14:18:01,-1.4467,-45.7167,83.41,74,52,6.06,broken clouds
453,Arman,RU,2022-11-12 14:18:52,59.7,150.1667,-5.82,87,34,8.9,scattered clouds
454,Fairfield,US,2022-11-12 14:18:52,41.2668,-73.3162,70.18,77,75,9.22,broken clouds
455,Chandur,IN,2022-11-12 14:18:52,19.7333,79.1833,71.04,60,30,4.16,scattered clouds
456,Port Keats,AU,2022-11-12 14:18:53,-14.25,129.55,83.62,68,7,7.16,clear sky
457,Caucaia,BR,2022-11-12 14:18:53,-3.7361,-38.6531,89.31,62,75,12.66,broken clouds
458,Hobe Sound,US,2022-11-12 14:18:41,27.0595,-80.1364,80.98,88,20,0.0,few clouds
459,Fukue,JP,2022-11-12 14:18:53,32.6881,128.8419,69.78,91,93,22.01,overcast clouds
460,Armeria,MX,2022-11-12 14:18:53,18.9333,-103.9667,73.47,87,16,2.57,few clouds
461,Kolondieba,ML,2022-11-12 14:18:54,11.0882,-6.8926,97.3,17,7,2.75,clear sky
462,Bereznik,RU,2022-11-12 14:18:54,62.8551,42.7072,39.02,98,100,2.35,overcast clouds
463,Faya,SA,2022-11-12 14:19:54,18.3851,42.4509,66.31,54,70,7.54,broken clouds
464,Labuhan,ID,2022-11-12 14:19:55,-6.8844,112.2051,80.65,82,100,5.12,overcast clouds
465,Tazovskiy,RU,2022-11-12 14:19:55,67.4667,78.7,-16.31,98,45,7.4,scattered clouds
466,Surt,LY,2022-11-12 14:19:55,31.2089,16.5887,72.34,52,4,1.36,clear sky
467,Flin Flon,CA,2022-11-12 14:19:55,54.7682,-101.865,3.04,85,75,4.61,light snow
468,Gilgit,PK,2022-11-12 14:19:56,35.9221,74.3087,32.77,60,1,3.49,clear sky
469,Cayenne,GF,2022-11-12 14:19:56,4.9333,-52.3333,77.04,94,100,3.44,moderate rain
470,Belen,TR,2022-11-12 14:19:56,36.4891,36.2233,66.34,40,0,3.44,clear sky
471,Belaya Gora,RU,2022-11-12 14:19:56,68.5333,146.4167,-27.67,100,100,4.36,overcast clouds
472,Hami,CN,2022-11-12 14:19:57,42.8,93.45,35.87,43,27,5.75,scattered clouds
473,Te Karaka,NZ,2022-11-12 14:19:57,-38.4654,177.8679,56.61,94,19,3.85,few clouds
474,Black River,JM,2022-11-12 14:19:57,18.0264,-77.8487,78.51,84,100,3.2,overcast clouds
475,Kamenskiy,RU,2022-11-12 14:19:58,50.8855,45.488,42.84,87,81,20.83,broken clouds
476,Mecca,SA,2022-11-12 14:19:58,21.4267,39.8261,87.06,49,34,12.48,scattered clouds
477,Idenao,CM,2022-11-12 14:19:58,4.2475,9.0047,82.31,77,53,6.26,light rain
478,Durban,ZA,2022-11-12 14:19:58,-29.8579,31.0292,86.92,85,100,7.0,overcast clouds
479,Qaracala,AZ,2022-11-12 14:19:59,39.8132,48.9523,55.2,80,70,5.75,broken clouds
480,Aklavik,CA,2022-11-12 14:19:59,68.2191,-135.0107,15.8,92,75,4.61,broken clouds
481,Salinas,US,2022-11-12 14:19:59,36.6777,-121.6555,49.06,81,20,5.75,few clouds
482,Evensk,RU,2022-11-12 14:20:00,61.95,159.2333,16.79,94,100,2.89,overcast clouds
483,Lopsmarka,NO,2022-11-12 14:20:00,67.3134,14.4493,46.29,77,75,27.63,broken clouds
484,Rodby,DK,2022-11-12 14:20:00,54.695,11.3889,56.08,82,100,7.63,overcast clouds
485,Vanimo,PG,2022-11-12 14:20:01,-2.6741,141.3028,79.18,87,100,4.7,overcast clouds
486,Maxixe,MZ,2022-11-12 14:20:01,-23.8597,35.3472,84.02,65,40,11.5,scattered clouds
487,Saint-Augustin,CA,2022-11-12 14:20:01,51.226,-58.6502,28.81,31,100,11.14,overcast clouds
488,Palu,ID,2022-11-12 14:20:02,-0.8917,119.8707,77.32,96,87,1.39,overcast clouds
489,Tres Arroyos,AR,2022-11-12 14:20:02,-38.3739,-60.2798,64.45,76,100,0.72,overcast clouds
490,Okhotsk,RU,2022-11-12 14:20:02,59.3833,143.3,4.78,78,1,11.65,clear sky
491,Tezu,IN,2022-11-12 14:20:03,27.9167,96.1667,64.02,59,12,4.23,few clouds
492,Salym,RU,2022-11-12 14:20:03,60.0625,71.4789,24.42,94,99,7.83,overcast clouds
493,Klaksvik,FO,2022-11-12 14:20:03,62.2266,-6.589,47.32,81,100,10.4,overcast clouds
494,Mocuba,MZ,2022-11-12 14:20:04,-16.8392,36.9856,90.68,39,84,13.94,broken clouds
495,Ploemeur,FR,2022-11-12 14:20:04,47.7333,-3.4333,65.62,78,0,12.66,clear sky
496,Shingu,JP,2022-11-12 14:20:05,33.7333,135.9833,63.37,89,85,3.6,overcast clouds
497,Alofi,NU,2022-11-12 14:15:09,-19.0595,-169.9187,76.39,79,59,20.38,broken clouds
498,Trincomalee,LK,2022-11-12 14:20:05,8.5711,81.2335,79.18,82,99,5.44,overcast clouds
499,Altay,CN,2022-11-12 14:20:06,47.8667,88.1167,25.66,58,100,5.06,overcast clouds
500,Waipawa,NZ,2022-11-12 14:20:06,-41.4122,175.5153,54.63,92,83,3.2,broken clouds
501,Honningsvag,NO,2022-11-12 14:20:06,70.9821,25.9704,42.55,81,75,21.85,broken clouds
502,Aksu,CN,2022-11-12 14:20:07,41.1231,80.2644,42.48,40,16,2.57,few clouds
503,Sao Domingos,BR,2022-11-12 14:20:07,-13.3983,-46.3183,85.46,48,100,2.59,overcast clouds
504,Raton,US,2022-11-12 14:20:07,36.9034,-104.4391,17.94,85,0,5.75,clear sky
505,Padrauna,IN,2022-11-12 14:20:07,26.9025,83.9819,69.35,46,0,7.72,clear sky
506,Bathurst,AU,2022-11-12 14:15:26,-33.4166,149.5806,59.97,95,85,3.33,overcast clouds
507,Redwater,US,2022-11-12 14:20:08,33.3582,-94.2544,39.49,84,22,8.63,few clouds
508,Namatanai,PG,2022-11-12 14:19:04,-3.6667,152.4333,79.18,82,98,3.76,light rain
509,Chicla,PE,2022-11-12 14:21:08,-11.705,-76.2686,49.42,19,10,5.53,clear sky
510,Logstor,DK,2022-11-12 14:21:09,56.9624,9.2583,57.97,90,98,9.37,overcast clouds
511,Lagunas,PE,2022-11-12 14:21:09,-5.2269,-75.6753,89.98,50,66,2.64,broken clouds
512,Kerema,PG,2022-11-12 14:21:09,-7.9631,145.7785,78.78,85,55,5.35,broken clouds
513,Tocopilla,CL,2022-11-12 14:21:10,-22.092,-70.1979,67.69,65,7,7.43,clear sky
514,Noshiro,JP,2022-11-12 14:21:10,40.2039,140.0242,53.31,81,100,5.55,overcast clouds
515,Kyzyl-Suu,KG,2022-11-12 14:21:10,42.3414,78.0056,26.04,66,19,9.75,few clouds
516,Mizdah,LY,2022-11-12 14:21:11,31.4451,12.9801,70.74,39,62,5.06,broken clouds
517,Portoviejo,EC,2022-11-12 14:21:11,-1.05,-80.45,74.61,67,92,0.49,overcast clouds
518,North Bend,US,2022-11-12 14:16:31,43.4065,-124.2243,43.86,97,40,6.91,scattered clouds
519,Warangal,IN,2022-11-12 14:21:11,18.0,79.5833,73.54,60,100,1.25,overcast clouds
520,Kysyl-Syr,RU,2022-11-12 14:21:12,63.8986,122.7617,20.16,95,100,5.55,snow
521,Kletnya,RU,2022-11-12 14:21:12,53.3897,33.2171,49.82,84,100,16.22,overcast clouds
522,Kitovo,RU,2022-11-12 14:21:12,56.8659,41.2825,49.8,91,100,19.13,light rain
523,Oktyabrskoye,RU,2022-11-12 14:21:13,43.0645,44.7417,51.35,54,52,2.24,broken clouds
524,Manga,BF,2022-11-12 14:21:13,11.6636,-1.0731,94.78,29,68,7.14,broken clouds
525,Richards Bay,ZA,2022-11-12 14:21:13,-28.783,32.0377,85.48,63,83,17.38,broken clouds
526,Delano,US,2022-11-12 14:16:17,35.7688,-119.247,43.38,93,0,3.44,mist
527,Ketchikan,US,2022-11-12 14:21:14,55.3422,-131.6461,37.87,93,100,5.75,overcast clouds
528,Quatre Cocos,MU,2022-11-12 14:21:14,-20.2078,57.7625,75.31,59,0,9.57,clear sky
529,Mattru,SL,2022-11-12 14:21:14,7.6244,-11.8332,86.29,63,57,4.32,light rain
530,Pierre,US,2022-11-12 14:16:49,44.3683,-100.351,13.12,85,100,3.44,mist
531,Chara,RU,2022-11-12 14:21:15,56.9064,118.2631,5.65,72,29,1.36,scattered clouds
532,Baft,IR,2022-11-12 14:21:15,29.234,56.6057,58.93,37,99,12.86,overcast clouds
533,Jalu,LY,2022-11-12 14:21:15,29.0331,21.5482,72.63,40,86,6.13,overcast clouds
534,Qaqortoq,GL,2022-11-12 14:21:16,60.7167,-46.0333,24.91,77,24,5.64,few clouds
535,Bongandanga,CD,2022-11-12 14:21:16,1.5,21.05,82.35,62,53,3.33,broken clouds
536,Furth Im Wald,DE,2022-11-12 14:21:16,49.3097,12.84,56.68,71,100,3.04,overcast clouds
537,Central Point,US,2022-11-12 14:18:08,42.376,-122.9164,41.04,96,100,3.44,mist
538,Copiapo,CL,2022-11-12 14:21:17,-27.3667,-70.3333,62.29,40,100,6.4,overcast clouds
539,Brae,GB,2022-11-12 14:21:17,60.3964,-1.353,52.56,87,100,6.69,overcast clouds
540,Yoichi,JP,2022-11-12 14:21:17,43.2039,140.7703,49.98,82,80,9.69,broken clouds
541,Mao,ES,2022-11-12 14:21:18,39.8885,4.2658,72.16,73,20,6.91,few clouds
542,Ruteng,ID,2022-11-12 14:21:18,-8.6136,120.4721,64.58,93,100,1.79,overcast clouds
543,Venice,US,2022-11-12 14:19:35,27.0998,-82.4543,80.28,84,0,6.4,clear sky
544,Maragogi,BR,2022-11-12 14:21:19,-9.0122,-35.2225,82.6,69,62,9.35,broken clouds
545,Pulawy,PL,2022-11-12 14:21:19,51.4166,21.9694,46.71,76,10,6.38,clear sky
546,Alihe,CN,2022-11-12 14:21:19,50.5667,123.7167,6.66,95,5,2.24,clear sky
547,Borzna,UA,2022-11-12 14:21:19,51.2546,32.4269,49.62,77,0,14.79,clear sky
548,Ahipara,NZ,2022-11-12 14:21:20,-35.1667,173.1667,58.82,92,48,7.67,scattered clouds
549,Akola,IN,2022-11-12 14:21:20,20.7333,77.0,77.36,45,64,6.46,broken clouds
550,Jamkhed,IN,2022-11-12 14:21:20,18.7362,75.3121,74.98,46,40,9.44,scattered clouds
551,Pringsewu,ID,2022-11-12 14:21:21,-5.3582,104.9744,75.15,89,100,6.91,light rain
552,Samoded,RU,2022-11-12 14:21:21,63.6083,40.5111,40.3,97,100,6.82,light rain
553,Turkistan,KZ,2022-11-12 14:21:21,43.0,68.0,40.84,49,0,5.19,clear sky
554,Nerekhta,RU,2022-11-12 14:21:22,57.4588,40.5747,51.69,86,100,26.75,light rain
555,Bandarbeyla,SO,2022-11-12 14:22:22,9.4942,50.8122,79.77,75,7,18.05,clear sky
556,Dakar,SN,2022-11-12 14:22:23,14.6937,-17.4441,97.68,54,61,14.38,broken clouds
557,Pochinki,RU,2022-11-12 14:22:23,54.6988,44.8668,46.53,93,100,19.15,overcast clouds
558,Almaznyy,RU,2022-11-12 14:22:23,48.0448,40.045,43.88,85,100,10.74,overcast clouds
559,Oranjemund,NA,2022-11-12 14:22:24,-28.55,16.4333,65.93,59,0,11.12,clear sky
560,Abu Samrah,SY,2022-11-12 14:22:24,35.3029,37.1841,67.93,42,6,11.83,clear sky
561,Iskateley,RU,2022-11-12 14:22:24,67.6803,53.1512,22.24,91,100,16.4,overcast clouds
562,Caluquembe,AO,2022-11-12 14:22:25,-13.7833,14.6833,79.79,29,65,12.77,broken clouds
563,Luderitz,NA,2022-11-12 14:22:25,-26.6481,15.1594,66.85,56,0,14.61,clear sky
564,Les Cayes,HT,2022-11-12 14:22:26,18.2,-73.75,82.96,71,7,2.35,clear sky
565,Meiganga,CM,2022-11-12 14:22:26,6.5167,14.3,86.86,30,75,7.43,broken clouds
566,Santa Helena De Goias,BR,2022-11-12 14:22:26,-17.8136,-50.5969,87.75,42,100,2.95,overcast clouds
567,Cabedelo,BR,2022-11-12 14:22:27,-6.9811,-34.8339,79.47,69,41,10.04,scattered clouds
568,Canberra,AU,2022-11-12 14:22:27,-35.2835,149.1281,61.5,88,100,5.75,overcast clouds
569,Batagay-Alyta,RU,2022-11-12 14:22:27,67.8006,130.4114,-17.64,100,100,1.77,overcast clouds
570,Loukisia,GR,2022-11-12 14:22:28,38.4833,23.45,60.26,77,75,4.61,broken clouds
571,San Jose,US,2022-11-12 14:20:19,37.3394,-121.895,52.9,84,75,5.75,broken clouds
572,Port Macquarie,AU,2022-11-12 14:22:28,-31.4333,152.9167,61.9,92,100,7.52,overcast clouds
573,Monrovia,LR,2022-11-12 14:21:43,6.3005,-10.7969,85.77,72,38,6.24,light rain
574,Pho Chai,TH,2022-11-12 14:22:28,16.3283,103.7703,81.09,56,76,7.11,broken clouds
575,Lasa,IT,2022-11-12 14:22:29,46.6166,10.7002,63.48,62,100,2.59,overcast clouds
576,Avezzano,IT,2022-11-12 14:22:29,42.0402,13.4388,54.93,44,100,3.58,overcast clouds
577,Kabelvag,NO,2022-11-12 14:22:29,68.2114,14.4817,44.82,81,87,13.42,light rain
578,Kassala,SD,2022-11-12 14:22:31,15.451,36.4,94.17,29,76,10.87,broken clouds
579,Udachnyy,RU,2022-11-12 14:22:31,66.4167,112.4,-5.17,97,100,12.86,overcast clouds
580,Tigil,RU,2022-11-12 14:22:31,57.8,158.6667,13.26,95,100,4.54,overcast clouds
581,Sarangani,PH,2022-11-12 14:22:31,5.4033,125.4636,84.02,76,100,17.78,light rain
582,Darhan,MN,2022-11-12 14:22:32,49.4867,105.9228,22.87,54,30,4.88,scattered clouds
583,Sayyan,YE,2022-11-12 14:22:32,15.1718,44.3244,64.76,24,1,11.65,clear sky
584,Homer,US,2022-11-12 14:22:32,59.6425,-151.5483,42.8,86,100,8.05,light rain
585,Terra Santa,BR,2022-11-12 14:22:32,-2.1042,-56.4869,94.59,39,98,4.27,overcast clouds
586,Taquaritinga,BR,2022-11-12 14:22:33,-21.4061,-48.5047,84.25,45,43,5.5,scattered clouds
587,Basoko,CD,2022-11-12 14:22:33,1.2391,23.616,80.44,70,79,4.43,light rain
588,Tigzirt,DZ,2022-11-12 14:22:33,36.8886,4.1198,72.97,55,0,9.04,clear sky
589,Punta Alta,AR,2022-11-12 14:22:34,-38.8759,-62.0736,63.97,72,100,10.49,overcast clouds
590,College,US,2022-11-12 14:22:34,64.8569,-147.8028,17.92,85,40,0.0,scattered clouds
591,Springdale,US,2022-11-12 14:21:26,36.1867,-94.1288,28.98,71,0,9.22,clear sky
592,Eureka,US,2022-11-12 14:22:34,40.8021,-124.1637,44.67,99,82,1.01,broken clouds
593,Alice Springs,AU,2022-11-12 14:22:34,-23.7,133.8833,87.35,30,40,9.22,scattered clouds
594,Gohpur,IN,2022-11-12 14:22:35,26.8833,93.6333,66.18,85,17,2.19,few clouds
595,Potrerillos,HN,2022-11-12 14:22:35,15.2333,-87.9667,83.66,78,16,1.52,few clouds
596,Petionville,HT,2022-11-12 14:22:36,18.5125,-72.2853,78.49,78,20,6.91,few clouds
597,Sampit,ID,2022-11-12 14:22:36,-2.5333,112.95,75.78,95,49,2.1,light rain
598,Helong,CN,2022-11-12 14:22:36,42.5397,128.9972,34.56,98,100,6.64,light snow
599,Jocon,HN,2022-11-12 14:22:36,15.2833,-86.9667,69.3,77,7,0.54,clear sky
600,Iralaya,HN,2022-11-12 14:22:37,15.0,-83.2333,81.82,75,25,1.32,light rain
601,Duncan,US,2022-11-12 14:20:12,34.5023,-97.9578,32.05,74,0,5.75,clear sky
602,High Level,CA,2022-11-12 14:20:06,58.5169,-117.136,3.31,92,0,4.61,smoke
603,Ucluelet,CA,2022-11-12 14:23:37,48.9329,-125.5528,35.1,91,7,3.69,clear sky
604,Karasjok,NO,2022-11-12 14:23:38,69.4719,25.5112,35.53,99,100,9.69,light rain
605,Biak,ID,2022-11-12 14:23:38,-0.9131,122.8766,78.4,82,91,0.78,overcast clouds
606,Thohoyandou,ZA,2022-11-12 14:23:38,-22.9456,30.485,79.3,60,97,3.09,light rain
607,Mugur-Aksy,RU,2022-11-12 14:23:38,50.35,90.5,9.34,84,100,6.31,overcast clouds
608,Price,US,2022-11-12 14:23:39,39.5994,-110.8107,18.66,73,0,5.75,clear sky
609,Rehoboth,NA,2022-11-12 14:23:39,-23.3167,17.0833,80.53,10,0,21.41,clear sky
610,Shitkino,RU,2022-11-12 14:23:39,56.3703,98.3543,27.18,91,93,5.84,overcast clouds
611,Xuddur,SO,2022-11-12 14:23:40,4.1213,43.8894,84.72,46,88,15.97,overcast clouds
612,Prado,BR,2022-11-12 14:23:40,-17.3411,-39.2208,82.49,62,82,9.19,broken clouds
613,Hailey,US,2022-11-12 14:23:40,43.5196,-114.3153,18.99,74,0,8.05,clear sky
614,Novi,US,2022-11-12 14:20:57,42.4806,-83.4755,37.99,69,47,5.99,scattered clouds
615,Ixtapa,MX,2022-11-12 14:23:40,20.7,-105.2,72.23,83,0,4.61,clear sky
616,Belyy Yar,RU,2022-11-12 14:23:41,53.6039,91.3903,31.89,77,100,6.71,overcast clouds
617,Pandamatenga,BW,2022-11-12 14:23:41,-18.5278,25.627,80.38,51,99,7.31,overcast clouds
618,Vero Beach,US,2022-11-12 14:23:41,27.6386,-80.3973,78.04,86,20,5.75,mist
619,Kamena Vourla,GR,2022-11-12 14:23:42,38.7784,22.7857,57.06,85,100,8.84,overcast clouds
620,Murdochville,CA,2022-11-12 14:23:42,48.9583,-65.5006,27.48,96,100,12.33,snow
621,Kotlas,RU,2022-11-12 14:23:42,61.2611,46.6556,41.65,94,100,5.35,light rain
622,Deputatskiy,RU,2022-11-12 14:23:42,69.3,139.9,-18.26,99,97,3.62,overcast clouds
623,Greenwood,US,2022-11-12 14:23:25,34.1668,-82.1165,65.62,56,100,8.05,overcast clouds
624,Mehamn,NO,2022-11-12 14:23:43,71.0357,27.8492,40.91,93,75,19.57,broken clouds
625,Karacabey,TR,2022-11-12 14:23:43,40.2152,28.4038,61.18,51,3,9.24,clear sky
626,Pedasi,PA,2022-11-12 14:23:43,7.5333,-80.0333,78.96,78,100,2.62,light rain
627,Benedita,PT,2022-11-12 14:23:43,39.4247,-8.97,71.96,62,95,1.01,overcast clouds
628,Chabahar,IR,2022-11-12 14:23:44,25.2919,60.643,80.49,69,0,10.33,clear sky
629,Brufut,GM,2022-11-12 14:23:44,13.3814,-16.7518,93.29,33,0,6.91,clear sky
630,Okakarara,NA,2022-11-12 14:23:44,-20.5833,17.4333,91.0,9,5,17.13,clear sky
631,Bogande,BF,2022-11-12 14:23:45,12.9714,-0.1436,96.48,20,7,5.32,clear sky
632,Swan Hill,AU,2022-11-12 14:23:45,-35.3378,143.5544,62.89,94,100,8.95,moderate rain
633,Mount Gambier,AU,2022-11-12 14:23:45,-37.8333,140.7667,56.44,98,89,6.82,overcast clouds
634,Taganak,PH,2022-11-12 14:23:46,6.0833,118.3,80.74,74,19,4.88,few clouds
635,Riyadh,SA,2022-11-12 14:23:46,24.6877,46.7219,86.14,22,2,11.43,clear sky
636,Mareeba,AU,2022-11-12 14:23:46,-17.0,145.4333,72.32,91,0,2.53,clear sky
637,Son La,VN,2022-11-12 14:23:46,21.3167,103.9,65.77,82,0,1.39,clear sky
638,Ankazoabo,MG,2022-11-12 14:23:47,-22.2833,44.5167,85.5,41,92,9.84,light rain
639,Pombas,CV,2022-11-12 14:23:47,17.1503,-25.0201,80.38,71,10,12.73,clear sky
640,Lujan,AR,2022-11-12 14:23:47,-34.5703,-59.105,76.01,62,100,3.0,light rain
641,San Vicente,AR,2022-11-12 14:23:47,-26.6167,-54.1333,80.51,52,98,5.48,overcast clouds
642,Tokur,RU,2022-11-12 14:23:48,53.1333,132.9,-5.17,100,99,2.08,overcast clouds
643,Oussouye,SN,2022-11-12 14:23:48,12.485,-16.5469,93.38,24,22,4.0,few clouds
644,Totness,SR,2022-11-12 14:23:48,5.8833,-56.3167,83.44,71,83,5.55,broken clouds
645,Pitimbu,BR,2022-11-12 14:23:49,-7.4706,-34.8086,79.39,69,39,10.09,scattered clouds
646,Maloy,NO,2022-11-12 14:23:49,61.9353,5.1136,51.73,18,100,16.28,overcast clouds
647,Aden,YE,2022-11-12 14:23:49,12.7794,45.0367,80.64,75,0,12.68,clear sky
648,Monte Patria,CL,2022-11-12 14:24:50,-30.6919,-70.9467,63.61,51,100,5.77,overcast clouds
649,Uthal,PK,2022-11-12 14:24:50,25.8072,66.6219,82.74,44,0,8.99,clear sky
650,Katsuura,JP,2022-11-12 14:24:50,35.1333,140.3,66.78,78,2,9.64,clear sky
651,Wajid,SO,2022-11-12 14:24:50,3.8093,43.2471,84.94,48,84,15.75,broken clouds
652,Srimushnam,IN,2022-11-12 14:24:51,11.4,79.4167,75.81,94,100,6.02,overcast clouds
653,Nisia Floresta,BR,2022-11-12 14:24:51,-6.0911,-35.2086,86.81,57,78,10.96,broken clouds
654,Kalmar,SE,2022-11-12 14:24:51,56.6616,16.3616,61.14,79,0,11.5,clear sky
655,Wewak,PG,2022-11-12 14:24:51,-3.5534,143.6268,80.2,84,100,6.96,overcast clouds
656,Atar,MR,2022-11-12 14:24:52,20.5169,-13.0499,91.98,8,0,12.41,clear sky
657,Bowen,AU,2022-11-12 14:24:52,-20.0167,148.2333,76.1,74,0,13.11,clear sky
658,Hobyo,SO,2022-11-12 14:24:52,5.3505,48.5268,82.67,64,38,18.05,scattered clouds
659,Poum,NC,2022-11-12 14:24:53,-20.2333,164.0167,76.33,81,16,8.95,few clouds
660,Hervey Bay,AU,2022-11-12 14:24:53,-25.2986,152.8535,71.78,68,0,11.43,clear sky
661,Massakory,TD,2022-11-12 14:24:53,12.996,15.7293,94.6,13,9,12.55,clear sky
662,Changping,CN,2022-11-12 14:20:38,40.2186,116.2197,38.84,31,53,5.3,broken clouds
663,Esna,EG,2022-11-12 14:24:53,25.2934,32.554,82.42,25,1,11.39,clear sky
664,Batie,BF,2022-11-12 14:24:54,9.8833,-2.9167,93.45,32,69,6.04,broken clouds
665,Troitsko-Pechorsk,RU,2022-11-12 14:24:54,62.7084,56.1964,24.84,96,100,10.54,light snow
666,Marang,MY,2022-11-12 14:24:54,5.2056,103.2059,78.3,87,83,2.13,broken clouds
667,Kargasok,RU,2022-11-12 14:24:55,59.0556,80.8572,29.59,96,98,9.84,overcast clouds
668,Boa Vista,BR,2022-11-12 14:24:55,2.8197,-60.6733,85.98,62,40,10.36,scattered clouds
669,Kaohsiung,TW,2022-11-12 14:19:58,22.6163,120.3133,82.04,79,40,4.61,scattered clouds
670,Xichang,CN,2022-11-12 14:24:55,27.8964,102.2634,54.61,74,1,2.08,clear sky
671,Manokwari,ID,2022-11-12 14:24:55,-0.8667,134.0833,79.12,84,97,3.76,overcast clouds
672,Astoria,US,2022-11-12 14:21:37,46.1879,-123.8313,44.92,79,100,8.05,overcast clouds
673,Luena,AO,2022-11-12 14:24:56,-11.7833,19.9167,77.09,57,74,0.63,light rain
674,Tungor,RU,2022-11-12 14:24:56,53.3808,142.9564,25.92,77,100,8.46,overcast clouds
675,Monte Carmelo,BR,2022-11-12 14:24:56,-18.7247,-47.4986,85.48,39,98,2.33,overcast clouds
676,Bielefeld,DE,2022-11-12 14:24:57,52.0333,8.5333,62.64,55,88,2.82,overcast clouds
677,Lucapa,AO,2022-11-12 14:24:57,-8.4192,20.7447,75.76,75,34,5.19,light rain
678,Nantucket,US,2022-11-12 14:24:57,41.2835,-70.0995,66.34,94,78,39.06,broken clouds
679,Turukhansk,RU,2022-11-12 14:24:57,65.8167,87.9833,-25.56,100,23,4.52,few clouds
680,Dudinka,RU,2022-11-12 14:24:58,69.4058,86.1778,-27.67,99,9,5.95,clear sky
681,Patamundai,IN,2022-11-12 14:24:58,20.5667,86.5667,73.72,59,23,4.97,few clouds
682,Canby,US,2022-11-12 14:21:20,45.2629,-122.6926,42.31,76,100,5.75,overcast clouds
683,Santo Tomas,PH,2022-11-12 14:24:58,14.1079,121.1414,80.85,94,100,5.1,overcast clouds
684,Inirida,CO,2022-11-12 14:24:59,3.8653,-67.9239,85.68,66,64,2.26,broken clouds
685,Bartica,GY,2022-11-12 14:24:59,6.4,-58.6167,85.26,70,98,1.25,overcast clouds
686,Nanning,CN,2022-11-12 14:24:59,22.8167,108.3167,75.65,67,3,6.58,clear sky
687,Burnie,AU,2022-11-12 14:24:59,-41.0667,145.9167,54.95,73,100,18.07,overcast clouds
688,Edgewater,US,2022-11-12 14:22:56,28.9889,-80.9023,74.01,100,20,4.61,few clouds
689,Vuktyl,RU,2022-11-12 14:23:27,63.8567,57.3094,17.31,85,100,10.58,overcast clouds
690,Vredendal,ZA,2022-11-12 14:25:00,-31.6683,18.5012,71.64,51,5,21.41,clear sky
691,Sire,NG,2022-11-12 14:26:01,12.9299,5.2043,96.28,14,0,10.58,clear sky
692,Saint-Pierre,RE,2022-11-12 14:26:01,-21.3393,55.4781,76.68,69,0,11.5,clear sky
693,Thap Than,TH,2022-11-12 14:26:01,15.4606,99.8917,75.7,87,78,2.71,broken clouds
694,Umm Lajj,SA,2022-11-12 14:26:02,25.0213,37.2685,80.62,56,0,11.72,clear sky
695,Cascais,PT,2022-11-12 14:26:02,38.6979,-9.4215,74.52,69,0,8.99,clear sky
696,Wenling,CN,2022-11-12 14:26:02,28.3669,121.36,68.77,96,33,3.4,scattered clouds
697,Jihlava,CZ,2022-11-12 14:26:02,49.3961,15.5912,58.55,57,75,2.21,broken clouds
698,Fasa,IR,2022-11-12 14:26:03,28.9383,53.6482,69.04,37,40,16.11,scattered clouds
699,Menemen,TR,2022-11-12 14:26:03,38.6075,27.0694,69.17,52,0,5.75,clear sky
700,Galle,LK,2022-11-12 14:25:39,6.0367,80.217,78.73,85,65,8.28,moderate rain
701,Pagudpud,PH,2022-11-12 14:26:04,18.5616,120.7868,79.75,88,3,12.41,clear sky
702,Majalgaon,IN,2022-11-12 14:26:04,19.15,76.2333,73.89,52,67,8.03,broken clouds
703,Mongoumba,CF,2022-11-12 14:26:04,3.6415,18.5936,84.31,64,38,3.87,light rain
